,Date,Time,Comp,Round,Day,Venue,Result,GF,GA,Opponent,xG,xGA,Poss,Attendance,Captain,Formation,Referee,Match Report,Notes,Sh,SoT,Dist,FK,PK,PKatt,Season,team
0,2022-08-05,20:00,Premier League,Matchweek 1,Fri,Away,W,2.0,0.0,Crystal Palace,1.0,1.2,44.0,25286.0,Martin Ødegaard,4-3-3,Anthony Taylor,Match Report,,10.0,2.0,14.6,1.0,0,0,2023,Arsenal-Stats
1,2022-08-13,15:00,Premier League,Matchweek 2,Sat,Home,W,4.0,2.0,Leicester City,2.7,0.5,50.0,60033.0,Martin Ødegaard,4-3-3,Darren England,Match Report,,19.0,7.0,13.0,0.0,0,0,2023,Arsenal-Stats
2,2022-08-20,17:30,Premier League,Matchweek 3,Sat,Away,W,3.0,0.0,Bournemouth,1.3,0.3,57.0,10423.0,Martin Ødegaard,4-3-3,Craig Pawson,Match Report,,14.0,6.0,14.8,0.0,0,0,2023,Arsenal-Stats
3,2022-08-27,17:30,Premier League,Matchweek 4,Sat,Home,W,2.0,1.0,Fulham,2.6,0.8,71.0,60164.0,Martin Ødegaard,4-3-3,Jarred Gillett,Match Report,,22.0,8.0,15.5,1.0,0,0,2023,Arsenal-Stats
4,2022-08-31,19:30,Premier League,Matchweek 5,Wed,Home,W,2.0,1.0,Aston Villa,2.4,0.4,59.0,60012.0,Martin Ødegaard,4-3-3,Robert Jones,Match Report,,22.0,8.0,16.3,1.0,0,0,2023,Arsenal-Stats
5,2022-09-04,16:30,Premier League,Matchweek 6,Sun,Away,L,1.0,3.0,Manchester Utd,1.3,1.5,60.0,73431.0,Martin Ødegaard,4-3-3,Paul Tierney,Match Report,,16.0,3.0,18.6,1.0,0,0,2023,Arsenal-Stats
7,2022-09-18,12:00,Premier League,Matchweek 8,Sun,Away,W,3.0,0.0,Brentford,1.5,0.5,63.0,17122.0,Granit Xhaka,4-3-3,David Coote,Match Report,,13.0,7.0,18.2,0.0,0,0,2023,Arsenal-Stats
8,2022-10-01,12:30,Premier League,Matchweek 9,Sat,Home,W,3.0,1.0,Tottenham,2.4,1.6,64.0,60278.0,Martin Ødegaard,4-3-3,Anthony Taylor,Match Report,,22.0,9.0,18.6,1.0,0,0,2023,Arsenal-Stats
10,2022-10-09,16:30,Premier League,Matchweek 10,Sun,Home,W,3.0,2.0,Liverpool,2.7,1.1,43.0,60059.0,Martin Ødegaard,4-3-3,Michael Oliver,Match Report,,10.0,6.0,14.3,0.0,1,1,2023,Arsenal-Stats
12,2022-10-16,14:00,Premier League,Matchweek 11,Sun,Away,W,1.0,0.0,Leeds United,0.5,1.8,53.0,36700.0,Martin Ødegaard,4-3-3,Chris Kavanagh,Match Report,,9.0,4.0,16.6,1.0,0,0,2023,Arsenal-Stats
14,2022-10-23,14:00,Premier League,Matchweek 13,Sun,Away,D,1.0,1.0,Southampton,1.0,0.7,59.0,31145.0,Martin Ødegaard,4-3-3,Robert Jones,Match Report,,12.0,3.0,17.2,0.0,0,0,2023,Arsenal-Stats
16,2022-10-30,14:00,Premier League,Matchweek 14,Sun,Home,W,5.0,0.0,Nott'ham Forest,2.3,0.4,69.0,60263.0,Martin Ødegaard,4-3-3,Simon Hooper,Match Report,,24.0,9.0,16.0,1.0,0,0,2023,Arsenal-Stats
18,2022-11-06,12:00,Premier League,Matchweek 15,Sun,Away,W,1.0,0.0,Chelsea,2.1,0.3,55.0,40142.0,Martin Ødegaard,4-3-3,Michael Oliver,Match Report,,14.0,2.0,14.5,0.0,0,0,2023,Arsenal-Stats
20,2022-11-12,19:45,Premier League,Matchweek 16,Sat,Away,W,2.0,0.0,Wolves,2.1,0.7,62.0,34624.0,Martin Ødegaard,4-3-3,Stuart Attwell,Match Report,,14.0,3.0,13.7,0.0,0,0,2023,Arsenal-Stats
21,2022-12-26,20:00,Premier League,Matchweek 17,Mon,Home,W,3.0,1.0,West Ham,2.1,1.0,66.0,60125.0,Martin Ødegaard,4-3-3,Michael Oliver,Match Report,,16.0,5.0,18.2,1.0,0,0,2023,Arsenal-Stats
22,2022-12-31,17:30,Premier League,Matchweek 18,Sat,Away,W,4.0,2.0,Brighton,2.9,1.2,32.0,31647.0,Martin Ødegaard,4-3-3,Anthony Taylor,Match Report,,14.0,7.0,11.2,0.0,0,0,2023,Arsenal-Stats
23,2023-01-03,19:45,Premier League,Matchweek 19,Tue,Home,D,0.0,0.0,Newcastle Utd,1.1,1.0,66.0,60319.0,Martin Ødegaard,4-3-3,Andy Madley,Match Report,,17.0,4.0,17.0,0.0,0,0,2023,Arsenal-Stats
25,2023-01-15,16:30,Premier League,Matchweek 20,Sun,Away,W,2.0,0.0,Tottenham,1.8,1.6,49.0,61870.0,Martin Ødegaard,4-3-3,Craig Pawson,Match Report,,14.0,5.0,17.9,2.0,0,0,2023,Arsenal-Stats
26,2023-01-22,16:30,Premier League,Matchweek 21,Sun,Home,W,3.0,2.0,Manchester Utd,3.1,0.4,57.0,60325.0,Martin Ødegaard,4-3-3,Anthony Taylor,Match Report,,25.0,5.0,14.2,0.0,0,0,2023,Arsenal-Stats
1,2022-08-07,16:30,Premier League,Matchweek 1,Sun,Away,W,2.0,0.0,West Ham,2.2,0.5,75.0,62443.0,İlkay Gündoğan,4-3-3,Michael Oliver,Match Report,,13.0,1.0,18.7,1.0,1,1,2023,Manchester-City-Stats
2,2022-08-13,15:00,Premier League,Matchweek 2,Sat,Home,W,4.0,0.0,Bournemouth,1.7,0.1,67.0,53453.0,İlkay Gündoğan,4-2-3-1,David Coote,Match Report,,19.0,7.0,17.5,0.0,0,0,2023,Manchester-City-Stats
3,2022-08-21,16:30,Premier League,Matchweek 3,Sun,Away,D,3.0,3.0,Newcastle Utd,2.1,1.8,69.0,52258.0,İlkay Gündoğan,4-3-3,Jarred Gillett,Match Report,,21.0,10.0,16.2,1.0,0,0,2023,Manchester-City-Stats
4,2022-08-27,15:00,Premier League,Matchweek 4,Sat,Home,W,4.0,2.0,Crystal Palace,2.2,0.1,74.0,53112.0,Kevin De Bruyne,4-2-3-1,Darren England,Match Report,,18.0,5.0,14.1,0.0,0,0,2023,Manchester-City-Stats
5,2022-08-31,19:30,Premier League,Matchweek 5,Wed,Home,W,6.0,0.0,Nott'ham Forest,3.3,0.7,74.0,53409.0,İlkay Gündoğan,4-2-3-1,Paul Tierney,Match Report,,17.0,9.0,14.8,0.0,0,0,2023,Manchester-City-Stats
6,2022-09-03,17:30,Premier League,Matchweek 6,Sat,Away,D,1.0,1.0,Aston Villa,2.1,0.3,71.0,41830.0,İlkay Gündoğan,4-3-3,Simon Hooper,Match Report,,13.0,4.0,16.8,1.0,0,0,2023,Manchester-City-Stats
9,2022-09-17,12:30,Premier League,Matchweek 8,Sat,Away,W,3.0,0.0,Wolves,1.1,0.4,59.0,31578.0,Kevin De Bruyne,4-3-3,Anthony Taylor,Match Report,,16.0,7.0,19.4,0.0,0,0,2023,Manchester-City-Stats
10,2022-10-02,14:00,Premier League,Matchweek 9,Sun,Home,W,6.0,3.0,Manchester Utd,3.2,1.7,53.0,53475.0,İlkay Gündoğan,4-3-3,Michael Oliver,Match Report,,22.0,9.0,14.2,1.0,0,0,2023,Manchester-City-Stats
12,2022-10-08,15:00,Premier League,Matchweek 10,Sat,Home,W,4.0,0.0,Southampton,2.4,0.2,65.0,53365.0,Kevin De Bruyne,4-2-3-1,Andy Madley,Match Report,,21.0,8.0,13.9,0.0,0,0,2023,Manchester-City-Stats
14,2022-10-16,16:30,Premier League,Matchweek 11,Sun,Away,L,0.0,1.0,Liverpool,1.0,2.1,63.0,53286.0,İlkay Gündoğan,3-4-3,Anthony Taylor,Match Report,,16.0,6.0,18.4,0.0,0,0,2023,Manchester-City-Stats
15,2022-10-22,15:00,Premier League,Matchweek 13,Sat,Home,W,3.0,1.0,Brighton,1.6,0.5,48.0,53223.0,Kevin De Bruyne,4-3-3,Craig Pawson,Match Report,,9.0,3.0,15.0,0.0,1,1,2023,Manchester-City-Stats
17,2022-10-29,12:30,Premier League,Matchweek 14,Sat,Away,W,1.0,0.0,Leicester City,1.0,0.7,64.0,32223.0,İlkay Gündoğan,4-3-3,Robert Jones,Match Report,,15.0,5.0,20.8,1.0,0,0,2023,Manchester-City-Stats
19,2022-11-05,15:00,Premier League,Matchweek 15,Sat,Home,W,2.0,1.0,Fulham,2.1,1.0,70.0,52395.0,İlkay Gündoğan,4-3-3,Darren England,Match Report,,15.0,4.0,18.1,1.0,1,1,2023,Manchester-City-Stats
21,2022-11-12,12:30,Premier League,Matchweek 16,Sat,Home,L,1.0,2.0,Brentford,1.6,1.3,74.0,52786.0,İlkay Gündoğan,4-3-3,Peter Bankes,Match Report,,29.0,6.0,20.9,0.0,0,0,2023,Manchester-City-Stats
23,2022-12-28,20:00,Premier League,Matchweek 17,Wed,Away,W,3.0,1.0,Leeds United,4.3,0.6,69.0,36889.0,İlkay Gündoğan,4-3-3,Stuart Attwell,Match Report,,26.0,9.0,16.0,0.0,0,0,2023,Manchester-City-Stats
24,2022-12-31,15:00,Premier League,Matchweek 18,Sat,Home,D,1.0,1.0,Everton,1.7,0.1,74.0,53444.0,Kevin De Bruyne,4-3-3,Andy Madley,Match Report,,16.0,3.0,15.4,0.0,0,0,2023,Manchester-City-Stats
25,2023-01-05,20:00,Premier League,Matchweek 19,Thu,Away,W,1.0,0.0,Chelsea,2.1,0.4,52.0,39998.0,İlkay Gündoğan,3-2-4-1,Paul Tierney,Match Report,,12.0,3.0,16.0,0.0,0,0,2023,Manchester-City-Stats
28,2023-01-14,12:30,Premier League,Matchweek 20,Sat,Away,L,1.0,2.0,Manchester Utd,0.6,1.7,70.0,75546.0,Kevin De Bruyne,4-3-3,Stuart Attwell,Match Report,,5.0,1.0,19.2,0.0,0,0,2023,Manchester-City-Stats
29,2023-01-19,20:00,Premier League,Matchweek 7,Thu,Home,W,4.0,2.0,Tottenham,2.3,0.8,58.0,53088.0,İlkay Gündoğan,4-2-3-1,Simon Hooper,Match Report,,16.0,6.0,16.3,1.0,0,0,2023,Manchester-City-Stats
30,2023-01-22,14:00,Premier League,Matchweek 21,Sun,Home,W,3.0,0.0,Wolves,2.8,0.8,55.0,53282.0,İlkay Gündoğan,3-2-4-1,David Coote,Match Report,,12.0,5.0,14.8,0.0,1,1,2023,Manchester-City-Stats
0,2022-08-06,15:00,Premier League,Matchweek 1,Sat,Home,W,2,0,Nott'ham Forest,1.7,0.3,61.0,52245.0,Kieran Trippier,4-3-3,Simon Hooper,Match Report,,23.0,9.0,16.0,1.0,0,0,2023,Newcastle-United-Stats
1,2022-08-13,15:00,Premier League,Matchweek 2,Sat,Away,D,0,0,Brighton,0.2,1.5,46.0,31552.0,Kieran Trippier,4-3-3,Graham Scott,Match Report,,4.0,1.0,17.8,0.0,0,0,2023,Newcastle-United-Stats
2,2022-08-21,16:30,Premier League,Matchweek 3,Sun,Home,D,3,3,Manchester City,1.8,2.1,31.0,52258.0,Kieran Trippier,4-3-3,Jarred Gillett,Match Report,,12.0,5.0,14.8,1.0,0,0,2023,Newcastle-United-Stats
4,2022-08-28,14:00,Premier League,Matchweek 4,Sun,Away,D,1,1,Wolves,1.7,0.7,63.0,31311.0,Kieran Trippier,4-3-3,Peter Bankes,Match Report,,21.0,6.0,18.1,1.0,0,0,2023,Newcastle-United-Stats
5,2022-08-31,20:00,Premier League,Matchweek 5,Wed,Away,L,1,2,Liverpool,0.7,1.5,28.0,53316.0,Jamaal Lascelles,4-3-3,Andre Marriner,Match Report,,5.0,2.0,18.2,1.0,0,0,2023,Newcastle-United-Stats
6,2022-09-03,15:00,Premier League,Matchweek 6,Sat,Home,D,0,0,Crystal Palace,2.8,1.0,52.0,51863.0,Kieran Trippier,4-3-3,Michael Salisbury,Match Report,,23.0,5.0,12.8,1.0,0,0,2023,Newcastle-United-Stats
7,2022-09-17,15:00,Premier League,Matchweek 8,Sat,Home,D,1,1,Bournemouth,1.9,0.7,72.0,52238.0,Kieran Trippier,4-3-3,Craig Pawson,Match Report,,19.0,6.0,20.0,1.0,1,1,2023,Newcastle-United-Stats
8,2022-10-01,15:00,Premier League,Matchweek 9,Sat,Away,W,4,1,Fulham,3.3,0.5,67.0,22913.0,Kieran Trippier,4-3-3,Darren England,Match Report,,19.0,10.0,12.9,0.0,0,0,2023,Newcastle-United-Stats
9,2022-10-08,15:00,Premier League,Matchweek 10,Sat,Home,W,5,1,Brentford,1.5,1.2,54.0,52067.0,Kieran Trippier,4-3-3,John Brooks,Match Report,,16.0,6.0,18.6,0.0,0,0,2023,Newcastle-United-Stats
10,2022-10-16,14:00,Premier League,Matchweek 11,Sun,Away,D,0,0,Manchester Utd,0.8,0.8,37.0,73726.0,Kieran Trippier,4-3-3,Craig Pawson,Match Report,,9.0,2.0,14.7,1.0,0,0,2023,Newcastle-United-Stats
11,2022-10-19,19:30,Premier League,Matchweek 12,Wed,Home,W,1,0,Everton,1.5,0.2,49.0,52247.0,Kieran Trippier,4-3-3,Tony Harrington,Match Report,,16.0,4.0,14.2,0.0,0,0,2023,Newcastle-United-Stats
12,2022-10-23,16:30,Premier League,Matchweek 13,Sun,Away,W,2,1,Tottenham,1.2,1.6,47.0,61726.0,Kieran Trippier,4-3-3,Jarred Gillett,Match Report,,13.0,5.0,18.4,0.0,0,0,2023,Newcastle-United-Stats
13,2022-10-29,15:00,Premier League,Matchweek 14,Sat,Home,W,4,0,Aston Villa,3.4,0.4,59.0,52233.0,Kieran Trippier,4-3-3,Paul Tierney,Match Report,,19.0,6.0,16.3,0.0,1,1,2023,Newcastle-United-Stats
14,2022-11-06,14:00,Premier League,Matchweek 15,Sun,Away,W,4,1,Southampton,0.9,1.7,45.0,30402.0,Kieran Trippier,4-3-3,Stuart Attwell,Match Report,,7.0,4.0,15.4,0.0,0,0,2023,Newcastle-United-Stats
16,2022-11-12,17:30,Premier League,Matchweek 16,Sat,Home,W,1,0,Chelsea,1.0,0.3,49.0,52264.0,Kieran Trippier,4-3-3,Robert Jones,Match Report,,10.0,3.0,15.4,0.0,0,0,2023,Newcastle-United-Stats
18,2022-12-26,15:00,Premier League,Matchweek 17,Mon,Away,W,3,0,Leicester City,1.9,0.5,40.0,32185.0,Kieran Trippier,4-3-3,Jarred Gillett,Match Report,,11.0,4.0,16.8,0.0,1,1,2023,Newcastle-United-Stats
19,2022-12-31,15:00,Premier League,Matchweek 18,Sat,Home,D,0,0,Leeds United,2.2,0.4,60.0,52211.0,Kieran Trippier,4-3-3,Simon Hooper,Match Report,,16.0,5.0,15.4,1.0,0,0,2023,Newcastle-United-Stats
20,2023-01-03,19:45,Premier League,Matchweek 19,Tue,Away,D,0,0,Arsenal,1.0,1.1,34.0,60319.0,Kieran Trippier,4-3-3,Andy Madley,Match Report,,8.0,1.0,13.4,0.0,0,0,2023,Newcastle-United-Stats
23,2023-01-15,14:00,Premier League,Matchweek 20,Sun,Home,W,1,0,Fulham,2.2,1.1,62.0,52247.0,Kieran Trippier,4-3-3,Robert Jones,Match Report,,20.0,5.0,16.7,2.0,0,0,2023,Newcastle-United-Stats
24,2023-01-21,17:30,Premier League,Matchweek 21,Sat,Away,D,0,0,Crystal Palace,1.2,0.3,60.0,25350.0,Kieran Trippier,4-3-3,Craig Pawson,Match Report,,16.0,7.0,13.1,0.0,0,0,2023,Newcastle-United-Stats
0,2022-08-07,14:00,Premier League,Matchweek 1,Sun,Home,L,1.0,2.0,Brighton,1.4,1.5,62.0,73711.0,Harry Maguire,4-3-3,Paul Tierney,Match Report,,17.0,5.0,15.5,0.0,0,0,2023,Manchester-United-Stats
1,2022-08-13,17:30,Premier League,Matchweek 2,Sat,Away,L,0.0,4.0,Brentford,0.9,1.6,66.0,17051.0,Harry Maguire,4-2-3-1,Stuart Attwell,Match Report,,15.0,4.0,19.6,0.0,0,0,2023,Manchester-United-Stats
2,2022-08-22,20:00,Premier League,Matchweek 3,Mon,Home,W,2.0,1.0,Liverpool,1.8,1.3,30.0,74147.0,Bruno Fernandes,4-2-3-1,Michael Oliver,Match Report,,13.0,5.0,19.5,2.0,0,0,2023,Manchester-United-Stats
3,2022-08-27,12:30,Premier League,Matchweek 4,Sat,Away,W,1.0,0.0,Southampton,1.1,1.4,51.0,31196.0,Bruno Fernandes,4-2-3-1,Andy Madley,Match Report,,11.0,4.0,15.5,1.0,0,0,2023,Manchester-United-Stats
4,2022-09-01,20:00,Premier League,Matchweek 5,Thu,Away,W,1.0,0.0,Leicester City,1.5,0.7,47.0,32226.0,Bruno Fernandes,4-2-3-1,Craig Pawson,Match Report,,9.0,2.0,16.8,0.0,0,0,2023,Manchester-United-Stats
5,2022-09-04,16:30,Premier League,Matchweek 6,Sun,Home,W,3.0,1.0,Arsenal,1.5,1.3,40.0,73431.0,Bruno Fernandes,4-2-3-1,Paul Tierney,Match Report,,10.0,6.0,15.5,0.0,0,0,2023,Manchester-United-Stats
8,2022-10-02,14:00,Premier League,Matchweek 9,Sun,Away,L,3.0,6.0,Manchester City,1.7,3.2,47.0,53475.0,Bruno Fernandes,4-2-3-1,Michael Oliver,Match Report,,11.0,7.0,22.2,0.0,1,1,2023,Manchester-United-Stats
10,2022-10-09,19:00,Premier League,Matchweek 10,Sun,Away,W,2.0,1.0,Everton,1.4,0.6,60.0,39258.0,Bruno Fernandes,4-2-3-1,David Coote,Match Report,,12.0,4.0,18.8,0.0,0,0,2023,Manchester-United-Stats
12,2022-10-16,14:00,Premier League,Matchweek 11,Sun,Home,D,0.0,0.0,Newcastle Utd,0.8,0.8,63.0,73726.0,Bruno Fernandes,4-2-3-1,Craig Pawson,Match Report,,15.0,2.0,19.4,1.0,0,0,2023,Manchester-United-Stats
13,2022-10-19,20:15,Premier League,Matchweek 12,Wed,Home,W,2.0,0.0,Tottenham,1.5,0.6,52.0,73677.0,Bruno Fernandes,4-2-3-1,Simon Hooper,Match Report,,28.0,10.0,21.4,1.0,0,0,2023,Manchester-United-Stats
14,2022-10-22,17:30,Premier League,Matchweek 13,Sat,Away,D,1.0,1.0,Chelsea,0.8,1.1,52.0,39503.0,Bruno Fernandes,4-1-4-1,Stuart Attwell,Match Report,,13.0,6.0,22.1,1.0,0,0,2023,Manchester-United-Stats
16,2022-10-30,16:15,Premier League,Matchweek 14,Sun,Home,W,1.0,0.0,West Ham,1.2,1.1,53.0,73682.0,Harry Maguire,4-2-3-1,Chris Kavanagh,Match Report,,16.0,3.0,18.1,0.0,0,0,2023,Manchester-United-Stats
18,2022-11-06,14:00,Premier League,Matchweek 15,Sun,Away,L,1.0,3.0,Aston Villa,0.5,0.6,58.0,42058.0,Cristiano Ronaldo,4-2-3-1,Anthony Taylor,Match Report,,8.0,3.0,19.7,1.0,0,0,2023,Manchester-United-Stats
20,2022-11-13,16:30,Premier League,Matchweek 16,Sun,Away,W,2.0,1.0,Fulham,2.5,1.4,47.0,24246.0,Bruno Fernandes,4-2-3-1,Paul Tierney,Match Report,,14.0,9.0,17.7,0.0,0,0,2023,Manchester-United-Stats
22,2022-12-27,20:00,Premier League,Matchweek 17,Tue,Home,W,3.0,0.0,Nott'ham Forest,2.4,0.7,65.0,73608.0,Bruno Fernandes,4-2-3-1,Anthony Taylor,Match Report,,17.0,8.0,15.9,0.0,0,0,2023,Manchester-United-Stats
23,2022-12-31,12:30,Premier League,Matchweek 18,Sat,Away,W,1.0,0.0,Wolves,2.0,0.7,54.0,31658.0,Bruno Fernandes,4-2-3-1,Robert Jones,Match Report,,16.0,6.0,14.9,1.0,0,0,2023,Manchester-United-Stats
24,2023-01-03,20:00,Premier League,Matchweek 19,Tue,Home,W,3.0,0.0,Bournemouth,2.2,0.6,58.0,73322.0,Harry Maguire,4-2-3-1,Michael Salisbury,Match Report,,18.0,6.0,16.7,2.0,0,0,2023,Manchester-United-Stats
27,2023-01-14,12:30,Premier League,Matchweek 20,Sat,Home,W,2.0,1.0,Manchester City,1.7,0.6,30.0,75546.0,Bruno Fernandes,4-2-3-1,Stuart Attwell,Match Report,,8.0,3.0,14.8,0.0,0,0,2023,Manchester-United-Stats
28,2023-01-18,20:00,Premier League,Matchweek 7,Wed,Away,D,1.0,1.0,Crystal Palace,2.1,0.5,60.0,23343.0,Bruno Fernandes,4-2-3-1,Robert Jones,Match Report,,15.0,4.0,19.5,1.0,0,0,2023,Manchester-United-Stats
29,2023-01-22,16:30,Premier League,Matchweek 21,Sun,Away,L,2.0,3.0,Arsenal,0.4,3.1,43.0,60325.0,Bruno Fernandes,4-2-3-1,Anthony Taylor,Match Report,,6.0,4.0,18.2,0.0,0,0,2023,Manchester-United-Stats
0,2022-08-06,15:00,Premier League,Matchweek 1,Sat,Home,W,4.0,1.0,Southampton,1.5,0.5,58.0,61732.0,Hugo Lloris,3-4-3,Andre Marriner,Match Report,,18.0,8.0,16.5,0.0,0,0,2023,Tottenham-Hotspur-Stats
1,2022-08-14,16:30,Premier League,Matchweek 2,Sun,Away,D,2.0,2.0,Chelsea,1.0,1.6,37.0,39946.0,Hugo Lloris,3-4-3,Anthony Taylor,Match Report,,10.0,5.0,13.4,0.0,0,0,2023,Tottenham-Hotspur-Stats
2,2022-08-20,12:30,Premier League,Matchweek 3,Sat,Home,W,1.0,0.0,Wolves,1.7,0.7,50.0,61298.0,Hugo Lloris,3-4-3,Simon Hooper,Match Report,,11.0,4.0,11.7,0.0,0,0,2023,Tottenham-Hotspur-Stats
3,2022-08-28,16:30,Premier League,Matchweek 4,Sun,Away,W,2.0,0.0,Nott'ham Forest,2.4,0.9,45.0,29296.0,Hugo Lloris,3-4-3,Craig Pawson,Match Report,,17.0,5.0,19.7,0.0,0,1,2023,Tottenham-Hotspur-Stats
4,2022-08-31,19:45,Premier League,Matchweek 5,Wed,Away,D,1.0,1.0,West Ham,0.6,1.2,61.0,62450.0,Hugo Lloris,3-4-3,Peter Bankes,Match Report,,12.0,3.0,16.8,0.0,0,0,2023,Tottenham-Hotspur-Stats
5,2022-09-03,15:00,Premier League,Matchweek 6,Sat,Home,W,2.0,1.0,Fulham,2.9,0.7,52.0,61641.0,Hugo Lloris,3-4-3,Stuart Attwell,Match Report,,23.0,10.0,15.5,1.0,0,0,2023,Tottenham-Hotspur-Stats
8,2022-09-17,17:30,Premier League,Matchweek 8,Sat,Home,W,6.0,2.0,Leicester City,2.2,1.8,44.0,61450.0,Hugo Lloris,3-4-3,Simon Hooper,Match Report,,16.0,11.0,16.5,0.0,0,0,2023,Tottenham-Hotspur-Stats
9,2022-10-01,12:30,Premier League,Matchweek 9,Sat,Away,L,1.0,3.0,Arsenal,1.6,2.4,36.0,60278.0,Hugo Lloris,3-4-3,Anthony Taylor,Match Report,,6.0,2.0,19.9,0.0,1,1,2023,Tottenham-Hotspur-Stats
11,2022-10-08,17:30,Premier League,Matchweek 10,Sat,Away,W,1.0,0.0,Brighton,0.8,0.7,41.0,31498.0,Hugo Lloris,3-5-2,Tony Harrington,Match Report,,8.0,3.0,18.7,1.0,0,0,2023,Tottenham-Hotspur-Stats
13,2022-10-15,17:30,Premier League,Matchweek 11,Sat,Home,W,2.0,0.0,Everton,2.2,0.4,62.0,61812.0,Hugo Lloris,3-4-3,Paul Tierney,Match Report,,20.0,6.0,17.2,1.0,1,1,2023,Tottenham-Hotspur-Stats
14,2022-10-19,20:15,Premier League,Matchweek 12,Wed,Away,L,0.0,2.0,Manchester Utd,0.6,1.5,48.0,73677.0,Hugo Lloris,3-5-2,Simon Hooper,Match Report,,9.0,2.0,14.9,0.0,0,0,2023,Tottenham-Hotspur-Stats
15,2022-10-23,16:30,Premier League,Matchweek 13,Sun,Home,L,1.0,2.0,Newcastle Utd,1.6,1.2,53.0,61726.0,Hugo Lloris,3-5-2,Jarred Gillett,Match Report,,17.0,4.0,16.9,0.0,0,0,2023,Tottenham-Hotspur-Stats
17,2022-10-29,15:00,Premier League,Matchweek 14,Sat,Away,W,3.0,2.0,Bournemouth,2.0,0.5,69.0,10430.0,Hugo Lloris,3-5-2,Anthony Taylor,Match Report,,23.0,7.0,15.1,1.0,0,0,2023,Tottenham-Hotspur-Stats
19,2022-11-06,16:30,Premier League,Matchweek 15,Sun,Home,L,1.0,2.0,Liverpool,1.2,1.2,47.0,62008.0,Hugo Lloris,5-3-2,Andy Madley,Match Report,,14.0,5.0,14.4,0.0,0,0,2023,Tottenham-Hotspur-Stats
21,2022-11-12,15:00,Premier League,Matchweek 16,Sat,Home,W,4.0,3.0,Leeds United,1.8,1.1,55.0,61667.0,Hugo Lloris,3-4-3,Michael Salisbury,Match Report,,14.0,7.0,14.5,0.0,0,0,2023,Tottenham-Hotspur-Stats
22,2022-12-26,12:30,Premier League,Matchweek 17,Mon,Away,D,2.0,2.0,Brentford,1.1,2.0,61.0,17137.0,Harry Kane,3-4-3,David Coote,Match Report,,15.0,8.0,19.7,1.0,0,0,2023,Tottenham-Hotspur-Stats
23,2023-01-01,14:00,Premier League,Matchweek 18,Sun,Home,L,0.0,2.0,Aston Villa,0.7,1.0,59.0,61651.0,Hugo Lloris,3-4-3,John Brooks,Match Report,,6.0,1.0,15.2,1.0,0,0,2023,Tottenham-Hotspur-Stats
24,2023-01-04,20:00,Premier League,Matchweek 19,Wed,Away,W,4.0,0.0,Crystal Palace,1.4,0.8,53.0,25132.0,Hugo Lloris,3-4-3,Michael Oliver,Match Report,,14.0,6.0,16.2,0.0,0,0,2023,Tottenham-Hotspur-Stats
26,2023-01-15,16:30,Premier League,Matchweek 20,Sun,Home,L,0.0,2.0,Arsenal,1.6,1.8,51.0,61870.0,Hugo Lloris,3-4-3,Craig Pawson,Match Report,,17.0,7.0,16.3,1.0,0,0,2023,Tottenham-Hotspur-Stats
27,2023-01-19,20:00,Premier League,Matchweek 7,Thu,Away,L,2.0,4.0,Manchester City,0.8,2.3,42.0,53088.0,Hugo Lloris,3-4-3,Simon Hooper,Match Report,,9.0,3.0,16.5,0.0,0,0,2023,Tottenham-Hotspur-Stats
28,2023-01-23,20:00,Premier League,Matchweek 21,Mon,Away,W,1.0,0.0,Fulham,0.9,1.0,46.0,24190.0,Hugo Lloris,3-4-3,Paul Tierney,Match Report,,10.0,3.0,17.0,1.0,0,0,2023,Tottenham-Hotspur-Stats
0,2022-08-07,14:00,Premier League,Matchweek 1,Sun,Away,W,2,1,Manchester Utd,1.5,1.4,38.0,73711.0,Lewis Dunk,3-3-3-1,Paul Tierney,Match Report,,15.0,4.0,17.4,0.0,0,0,2023,Brighton-and-Hove-Albion-Stats
1,2022-08-13,15:00,Premier League,Matchweek 2,Sat,Home,D,0,0,Newcastle Utd,1.5,0.2,54.0,31552.0,Lewis Dunk,3-4-1-2,Graham Scott,Match Report,,13.0,5.0,17.3,0.0,0,0,2023,Brighton-and-Hove-Albion-Stats
2,2022-08-21,14:00,Premier League,Matchweek 3,Sun,Away,W,2,0,West Ham,1.7,0.8,50.0,62449.0,Lewis Dunk,3-5-1-1,Anthony Taylor,Match Report,,10.0,1.0,18.8,0.0,1,1,2023,Brighton-and-Hove-Albion-Stats
4,2022-08-27,15:00,Premier League,Matchweek 4,Sat,Home,W,1,0,Leeds United,2.0,1.8,44.0,30953.0,Lewis Dunk,4-4-2,Michael Salisbury,Match Report,,13.0,4.0,13.6,0.0,0,0,2023,Brighton-and-Hove-Albion-Stats
5,2022-08-30,19:30,Premier League,Matchweek 5,Tue,Away,L,1,2,Fulham,1.4,0.7,61.0,22224.0,Lewis Dunk,3-5-2,Thomas Bramall,Match Report,,6.0,2.0,15.3,0.0,1,1,2023,Brighton-and-Hove-Albion-Stats
6,2022-09-04,14:00,Premier League,Matchweek 6,Sun,Home,W,5,2,Leicester City,2.6,1.4,53.0,31185.0,Lewis Dunk,3-5-2,Tony Harrington,Match Report,,22.0,10.0,19.6,2.0,1,1,2023,Brighton-and-Hove-Albion-Stats
7,2022-10-01,15:00,Premier League,Matchweek 9,Sat,Away,D,3,3,Liverpool,1.4,1.5,46.0,53320.0,Lewis Dunk,3-4-3,Andy Madley,Match Report,,6.0,6.0,10.0,0.0,0,0,2023,Brighton-and-Hove-Albion-Stats
8,2022-10-08,17:30,Premier League,Matchweek 10,Sat,Home,L,0,1,Tottenham,0.7,0.8,59.0,31498.0,Lewis Dunk,3-4-3,Tony Harrington,Match Report,,14.0,4.0,18.5,0.0,0,0,2023,Brighton-and-Hove-Albion-Stats
9,2022-10-14,20:00,Premier League,Matchweek 11,Fri,Away,L,0,2,Brentford,1.9,1.5,72.0,17016.0,Lewis Dunk,4-4-2,Michael Salisbury,Match Report,,21.0,7.0,17.2,0.0,0,0,2023,Brighton-and-Hove-Albion-Stats
10,2022-10-18,19:30,Premier League,Matchweek 12,Tue,Home,D,0,0,Nott'ham Forest,1.7,0.1,70.0,31463.0,Lewis Dunk,3-4-3,Darren England,Match Report,,19.0,7.0,15.7,0.0,0,0,2023,Brighton-and-Hove-Albion-Stats
11,2022-10-22,15:00,Premier League,Matchweek 13,Sat,Away,L,1,3,Manchester City,0.5,1.6,52.0,53223.0,Lewis Dunk,3-4-1-2,Craig Pawson,Match Report,,8.0,2.0,19.8,0.0,0,0,2023,Brighton-and-Hove-Albion-Stats
12,2022-10-29,15:00,Premier League,Matchweek 14,Sat,Home,W,4,1,Chelsea,2.4,1.4,41.0,31746.0,Lewis Dunk,4-2-3-1,Andy Madley,Match Report,,19.0,7.0,15.9,0.0,0,0,2023,Brighton-and-Hove-Albion-Stats
13,2022-11-05,15:00,Premier League,Matchweek 15,Sat,Away,W,3,2,Wolves,1.5,1.2,71.0,30732.0,Lewis Dunk,4-2-3-1,Graham Scott,Match Report,,19.0,8.0,17.2,3.0,0,0,2023,Brighton-and-Hove-Albion-Stats
15,2022-11-13,14:00,Premier League,Matchweek 16,Sun,Home,L,1,2,Aston Villa,0.6,1.5,65.0,31581.0,Lewis Dunk,4-2-3-1,Chris Kavanagh,Match Report,,7.0,2.0,18.2,0.0,0,0,2023,Brighton-and-Hove-Albion-Stats
17,2022-12-26,15:00,Premier League,Matchweek 17,Mon,Away,W,3,1,Southampton,0.6,1.9,66.0,31010.0,Lewis Dunk,4-2-3-1,Robert Jones,Match Report,,7.0,4.0,13.7,0.0,0,0,2023,Brighton-and-Hove-Albion-Stats
18,2022-12-31,17:30,Premier League,Matchweek 18,Sat,Home,L,2,4,Arsenal,1.2,2.9,68.0,31647.0,Lewis Dunk,4-2-3-1,Anthony Taylor,Match Report,,9.0,5.0,13.5,0.0,0,0,2023,Brighton-and-Hove-Albion-Stats
19,2023-01-03,19:45,Premier League,Matchweek 19,Tue,Away,W,4,1,Everton,2.2,1.3,51.0,39103.0,Lewis Dunk,4-2-3-1,Andre Marriner,Match Report,,19.0,8.0,18.9,1.0,0,0,2023,Brighton-and-Hove-Albion-Stats
21,2023-01-14,15:00,Premier League,Matchweek 20,Sat,Home,W,3,0,Liverpool,1.9,1.0,61.0,31645.0,Lewis Dunk,4-2-3-1,Darren England,Match Report,,16.0,8.0,16.3,0.0,0,0,2023,Brighton-and-Hove-Albion-Stats
22,2023-01-21,15:00,Premier League,Matchweek 21,Sat,Away,D,2,2,Leicester City,1.7,0.9,63.0,32056.0,Lewis Dunk,4-2-3-1,Thomas Bramall,Match Report,,13.0,4.0,17.0,0.0,0,0,2023,Brighton-and-Hove-Albion-Stats
0,2022-08-06,12:30,Premier League,Matchweek 1,Sat,Home,D,2.0,2.0,Liverpool,1.2,1.2,33.0,22207.0,Tim Ream,4-2-3-1,Andy Madley,Match Report,,8.0,2.0,18.4,0.0,1,1,2023,Fulham-Stats
1,2022-08-13,15:00,Premier League,Matchweek 2,Sat,Away,D,0.0,0.0,Wolves,1.5,0.9,41.0,31178.0,Tim Ream,4-2-3-1,John Brooks,Match Report,,8.0,2.0,15.7,0.0,0,1,2023,Fulham-Stats
2,2022-08-20,15:00,Premier League,Matchweek 3,Sat,Home,W,3.0,2.0,Brentford,2.4,1.8,43.0,21798.0,Tim Ream,4-2-3-1,Peter Bankes,Match Report,,18.0,9.0,15.5,1.0,0,0,2023,Fulham-Stats
4,2022-08-27,17:30,Premier League,Matchweek 4,Sat,Away,L,1.0,2.0,Arsenal,0.8,2.6,29.0,60164.0,Tim Ream,4-2-3-1,Jarred Gillett,Match Report,,11.0,3.0,13.7,0.0,0,0,2023,Fulham-Stats
5,2022-08-30,19:30,Premier League,Matchweek 5,Tue,Home,W,2.0,1.0,Brighton,0.7,1.4,39.0,22224.0,Tim Ream,4-2-3-1,Thomas Bramall,Match Report,,10.0,3.0,15.3,1.0,0,0,2023,Fulham-Stats
6,2022-09-03,15:00,Premier League,Matchweek 6,Sat,Away,L,1.0,2.0,Tottenham,0.7,2.9,48.0,61641.0,Tim Ream,4-2-3-1,Stuart Attwell,Match Report,,9.0,3.0,17.1,0.0,0,0,2023,Fulham-Stats
7,2022-09-16,20:00,Premier League,Matchweek 8,Fri,Away,W,3.0,2.0,Nott'ham Forest,0.9,1.4,59.0,28654.0,Tim Ream,4-2-3-1,Jarred Gillett,Match Report,,15.0,7.0,17.3,2.0,0,0,2023,Fulham-Stats
8,2022-10-01,15:00,Premier League,Matchweek 9,Sat,Home,L,1.0,4.0,Newcastle Utd,0.5,3.3,33.0,22913.0,Tim Ream,4-2-3-1,Darren England,Match Report,,3.0,1.0,16.2,0.0,0,0,2023,Fulham-Stats
9,2022-10-09,14:00,Premier League,Matchweek 10,Sun,Away,L,1.0,3.0,West Ham,0.7,2.4,50.0,62407.0,Tim Ream,4-2-3-1,Chris Kavanagh,Match Report,,8.0,2.0,16.6,1.0,0,0,2023,Fulham-Stats
10,2022-10-15,15:00,Premier League,Matchweek 11,Sat,Home,D,2.0,2.0,Bournemouth,2.1,1.0,69.0,22541.0,Tim Ream,4-2-3-1,Graham Scott,Match Report,,18.0,3.0,18.9,0.0,1,1,2023,Fulham-Stats
11,2022-10-20,19:30,Premier League,Matchweek 12,Thu,Home,W,3.0,0.0,Aston Villa,2.1,1.2,60.0,23508.0,Tim Ream,4-2-3-1,Michael Oliver,Match Report,,17.0,6.0,16.7,1.0,1,1,2023,Fulham-Stats
12,2022-10-23,14:00,Premier League,Matchweek 13,Sun,Away,W,3.0,2.0,Leeds United,1.8,1.6,43.0,36447.0,Tim Ream,4-2-3-1,Anthony Taylor,Match Report,,11.0,4.0,11.9,0.0,0,0,2023,Fulham-Stats
13,2022-10-29,17:30,Premier League,Matchweek 14,Sat,Home,D,0.0,0.0,Everton,1.9,0.9,56.0,23534.0,Tim Ream,4-2-3-1,John Brooks,Match Report,,24.0,6.0,16.4,0.0,0,0,2023,Fulham-Stats
14,2022-11-05,15:00,Premier League,Matchweek 15,Sat,Away,L,1.0,2.0,Manchester City,1.0,2.1,30.0,52395.0,Tim Ream,4-2-3-1,Darren England,Match Report,,3.0,1.0,26.2,0.0,1,1,2023,Fulham-Stats
15,2022-11-13,16:30,Premier League,Matchweek 16,Sun,Home,L,1.0,2.0,Manchester Utd,1.4,2.5,53.0,24246.0,Tom Cairney,4-2-3-1,Paul Tierney,Match Report,,14.0,7.0,14.0,0.0,0,0,2023,Fulham-Stats
16,2022-12-26,15:00,Premier League,Matchweek 17,Mon,Away,W,3.0,0.0,Crystal Palace,2.5,0.4,64.0,25176.0,Tim Ream,4-2-3-1,Andy Madley,Match Report,,23.0,10.0,13.4,1.0,0,0,2023,Fulham-Stats
17,2022-12-31,15:00,Premier League,Matchweek 18,Sat,Home,W,2.0,1.0,Southampton,1.5,0.8,62.0,24344.0,Tim Ream,4-2-3-1,Graham Scott,Match Report,,7.0,1.0,18.8,0.0,0,1,2023,Fulham-Stats
18,2023-01-03,19:45,Premier League,Matchweek 19,Tue,Away,W,1.0,0.0,Leicester City,1.7,1.7,40.0,30813.0,Tim Ream,4-2-3-1,Darren Bond,Match Report,,11.0,2.0,19.4,0.0,0,0,2023,Fulham-Stats
20,2023-01-12,20:00,Premier League,Matchweek 7,Thu,Home,W,2.0,1.0,Chelsea,1.0,2.1,48.0,24460.0,Tim Ream,4-2-3-1,David Coote,Match Report,,8.0,3.0,15.3,0.0,0,0,2023,Fulham-Stats
21,2023-01-15,14:00,Premier League,Matchweek 20,Sun,Away,L,0.0,1.0,Newcastle Utd,1.1,2.2,38.0,52247.0,Tim Ream,4-2-3-1,Robert Jones,Match Report,,4.0,0.0,18.9,0.0,0,1,2023,Fulham-Stats
22,2023-01-23,20:00,Premier League,Matchweek 21,Mon,Home,L,0.0,1.0,Tottenham,1.0,0.9,54.0,24190.0,Tim Ream,4-2-3-1,Paul Tierney,Match Report,,10.0,5.0,17.3,1.0,0,0,2023,Fulham-Stats
0,2022-08-07,14:00,Premier League,Matchweek 1,Sun,Away,D,2,2,Leicester City,0.8,0.6,44.0,31794.0,Pontus Jansson,4-3-3,Jarred Gillett,Match Report,,8.0,3.0,17.0,0.0,0,0,2023,Brentford-Stats
1,2022-08-13,17:30,Premier League,Matchweek 2,Sat,Home,W,4,0,Manchester Utd,1.6,0.9,34.0,17051.0,Pontus Jansson,5-3-2,Stuart Attwell,Match Report,,13.0,7.0,18.6,1.0,0,0,2023,Brentford-Stats
2,2022-08-20,15:00,Premier League,Matchweek 3,Sat,Away,L,2,3,Fulham,1.8,2.4,57.0,21798.0,Pontus Jansson,4-3-3,Peter Bankes,Match Report,,13.0,5.0,14.1,0.0,0,0,2023,Brentford-Stats
4,2022-08-27,15:00,Premier League,Matchweek 4,Sat,Home,D,1,1,Everton,2.1,1.1,58.0,17009.0,Christian Nørgaard,4-3-3,John Brooks,Match Report,,20.0,5.0,14.8,0.0,0,0,2023,Brentford-Stats
5,2022-08-30,19:30,Premier League,Matchweek 5,Tue,Away,D,1,1,Crystal Palace,1.4,1.0,51.0,25043.0,Ivan Toney,4-3-3,Simon Hooper,Match Report,,9.0,3.0,10.7,0.0,0,0,2023,Brentford-Stats
6,2022-09-03,15:00,Premier League,Matchweek 6,Sat,Home,W,5,2,Leeds United,2.3,1.7,32.0,17092.0,Pontus Jansson,4-3-3,Robert Jones,Match Report,,13.0,7.0,18.8,2.0,1,1,2023,Brentford-Stats
7,2022-09-18,12:00,Premier League,Matchweek 8,Sun,Home,L,0,3,Arsenal,0.5,1.5,37.0,17122.0,Pontus Jansson,3-5-2,David Coote,Match Report,,5.0,2.0,13.9,1.0,0,0,2023,Brentford-Stats
8,2022-10-01,15:00,Premier League,Matchweek 9,Sat,Away,D,0,0,Bournemouth,0.9,0.4,58.0,10126.0,Pontus Jansson,4-3-3,Thomas Bramall,Match Report,,13.0,4.0,15.2,1.0,0,0,2023,Brentford-Stats
9,2022-10-08,15:00,Premier League,Matchweek 10,Sat,Away,L,1,5,Newcastle Utd,1.2,1.5,46.0,52067.0,Ivan Toney,3-5-2,John Brooks,Match Report,,5.0,2.0,18.2,0.0,1,1,2023,Brentford-Stats
10,2022-10-14,20:00,Premier League,Matchweek 11,Fri,Home,W,2,0,Brighton,1.5,1.9,28.0,17016.0,Ivan Toney,4-3-3,Michael Salisbury,Match Report,,6.0,1.0,16.3,0.0,1,1,2023,Brentford-Stats
11,2022-10-19,19:30,Premier League,Matchweek 12,Wed,Home,D,0,0,Chelsea,1.3,0.9,34.0,17118.0,Ivan Toney,3-5-2,Jarred Gillett,Match Report,,8.0,5.0,14.5,0.0,0,0,2023,Brentford-Stats
12,2022-10-23,14:00,Premier League,Matchweek 13,Sun,Away,L,0,4,Aston Villa,0.9,2.8,55.0,41693.0,Ivan Toney,3-5-2,Darren England,Match Report,,12.0,3.0,16.8,0.0,0,0,2023,Brentford-Stats
13,2022-10-29,15:00,Premier League,Matchweek 14,Sat,Home,D,1,1,Wolves,1.4,0.6,58.0,17051.0,Ivan Toney,4-3-3,Robert Madley,Match Report,,12.0,3.0,15.4,0.0,0,0,2023,Brentford-Stats
14,2022-11-05,15:00,Premier League,Matchweek 15,Sat,Away,D,2,2,Nott'ham Forest,1.5,1.5,52.0,28869.0,David Raya,4-3-3,Andre Marriner,Match Report,,5.0,1.0,20.3,0.0,1,1,2023,Brentford-Stats
16,2022-11-12,12:30,Premier League,Matchweek 16,Sat,Away,W,2,1,Manchester City,1.3,1.6,26.0,52786.0,Ivan Toney,3-5-2,Peter Bankes,Match Report,,10.0,7.0,15.2,0.0,0,0,2023,Brentford-Stats
17,2022-12-26,12:30,Premier League,Matchweek 17,Mon,Home,D,2,2,Tottenham,2.0,1.1,39.0,17137.0,Christian Nørgaard,3-5-2,David Coote,Match Report,,9.0,4.0,10.2,0.0,0,0,2023,Brentford-Stats
18,2022-12-30,19:45,Premier League,Matchweek 18,Fri,Away,W,2,0,West Ham,1.6,1.3,37.0,62467.0,Christian Nørgaard,3-5-2,Darren England,Match Report,,9.0,6.0,13.4,1.0,0,0,2023,Brentford-Stats
19,2023-01-02,17:30,Premier League,Matchweek 19,Mon,Home,W,3,1,Liverpool,1.7,2.0,28.0,17163.0,Christian Nørgaard,3-5-2,Stuart Attwell,Match Report,,10.0,7.0,10.5,0.0,0,0,2023,Brentford-Stats
21,2023-01-14,17:30,Premier League,Matchweek 20,Sat,Home,W,2,0,Bournemouth,1.4,0.6,50.0,17031.0,Christian Nørgaard,4-3-3,Jarred Gillett,Match Report,,11.0,3.0,23.3,0.0,1,1,2023,Brentford-Stats
22,2023-01-22,14:00,Premier League,Matchweek 21,Sun,Away,D,0,0,Leeds United,0.4,0.5,42.0,36260.0,Christian Nørgaard,3-5-2,Peter Bankes,Match Report,,6.0,0.0,24.2,1.0,0,0,2023,Brentford-Stats
1,2022-08-06,12:30,Premier League,Matchweek 1,Sat,Away,D,2,2,Fulham,1.2,1.2,67.0,22207.0,Jordan Henderson,4-3-3,Andy Madley,Match Report,,11.0,3.0,12.4,0.0,0,0,2023,Liverpool-Stats
2,2022-08-15,20:00,Premier League,Matchweek 2,Mon,Home,D,1,1,Crystal Palace,2.0,1.0,72.0,52970.0,James Milner,4-3-3,Paul Tierney,Match Report,,24.0,4.0,17.4,0.0,0,0,2023,Liverpool-Stats
3,2022-08-22,20:00,Premier League,Matchweek 3,Mon,Away,L,1,2,Manchester Utd,1.3,1.8,70.0,74147.0,Jordan Henderson,4-3-3,Michael Oliver,Match Report,,17.0,5.0,14.4,0.0,0,0,2023,Liverpool-Stats
4,2022-08-27,15:00,Premier League,Matchweek 4,Sat,Home,W,9,0,Bournemouth,3.3,0.3,69.0,53328.0,Jordan Henderson,4-3-3,Stuart Attwell,Match Report,,19.0,12.0,11.6,0.0,0,0,2023,Liverpool-Stats
5,2022-08-31,20:00,Premier League,Matchweek 5,Wed,Home,W,2,1,Newcastle Utd,1.5,0.7,72.0,53316.0,Jordan Henderson,4-3-3,Andre Marriner,Match Report,,23.0,6.0,17.8,0.0,0,0,2023,Liverpool-Stats
6,2022-09-03,12:30,Premier League,Matchweek 6,Sat,Away,D,0,0,Everton,2.1,1.7,61.0,39240.0,Virgil van Dijk,4-3-3,Anthony Taylor,Match Report,,23.0,8.0,13.1,0.0,0,0,2023,Liverpool-Stats
9,2022-10-01,15:00,Premier League,Matchweek 9,Sat,Home,D,3,3,Brighton,1.5,1.4,54.0,53320.0,Jordan Henderson,4-3-3,Andy Madley,Match Report,,15.0,7.0,16.8,1.0,0,0,2023,Liverpool-Stats
11,2022-10-09,16:30,Premier League,Matchweek 10,Sun,Away,L,2,3,Arsenal,1.1,2.7,57.0,60059.0,Jordan Henderson,4-2-3-1,Michael Oliver,Match Report,,8.0,3.0,18.0,0.0,0,0,2023,Liverpool-Stats
13,2022-10-16,16:30,Premier League,Matchweek 11,Sun,Home,W,1,0,Manchester City,2.1,1.0,37.0,53286.0,James Milner,4-2-3-1,Anthony Taylor,Match Report,,13.0,2.0,17.5,0.0,0,0,2023,Liverpool-Stats
14,2022-10-19,19:30,Premier League,Matchweek 12,Wed,Home,W,1,0,West Ham,1.7,1.7,54.0,52982.0,Jordan Henderson,4-4-2,Stuart Attwell,Match Report,,22.0,7.0,17.5,0.0,0,0,2023,Liverpool-Stats
15,2022-10-22,12:30,Premier League,Matchweek 13,Sat,Away,L,0,1,Nott'ham Forest,1.6,1.9,75.0,29245.0,James Milner,4-4-2,Paul Tierney,Match Report,,15.0,7.0,10.4,0.0,0,0,2023,Liverpool-Stats
17,2022-10-29,19:45,Premier League,Matchweek 14,Sat,Home,L,1,2,Leeds United,1.7,1.8,68.0,53274.0,Virgil van Dijk,4-1-2-1-2◆,Michael Oliver,Match Report,,22.0,10.0,16.4,0.0,0,0,2023,Liverpool-Stats
19,2022-11-06,16:30,Premier League,Matchweek 15,Sun,Away,W,2,1,Tottenham,1.2,1.2,53.0,62008.0,Virgil van Dijk,4-1-2-1-2◆,Andy Madley,Match Report,,13.0,6.0,21.2,0.0,0,0,2023,Liverpool-Stats
21,2022-11-12,15:00,Premier League,Matchweek 16,Sat,Home,W,3,1,Southampton,1.9,1.1,60.0,53331.0,Virgil van Dijk,4-3-3,Simon Hooper,Match Report,,15.0,7.0,12.4,0.0,0,0,2023,Liverpool-Stats
23,2022-12-26,17:30,Premier League,Matchweek 17,Mon,Away,W,3,1,Aston Villa,2.7,1.4,52.0,42085.0,Jordan Henderson,4-3-3,Paul Tierney,Match Report,,16.0,9.0,17.0,0.0,0,0,2023,Liverpool-Stats
24,2022-12-30,20:00,Premier League,Matchweek 18,Fri,Home,W,2,1,Leicester City,2.2,1.0,57.0,53343.0,Jordan Henderson,4-3-3,Craig Pawson,Match Report,,21.0,5.0,18.4,1.0,0,0,2023,Liverpool-Stats
25,2023-01-02,17:30,Premier League,Matchweek 19,Mon,Away,L,1,3,Brentford,2.0,1.7,72.0,17163.0,Virgil van Dijk,4-3-3,Stuart Attwell,Match Report,,16.0,5.0,15.3,0.0,0,0,2023,Liverpool-Stats
27,2023-01-14,15:00,Premier League,Matchweek 20,Sat,Away,L,0,3,Brighton,1.0,1.9,39.0,31645.0,Jordan Henderson,4-1-2-1-2◆,Darren England,Match Report,,6.0,2.0,12.8,0.0,0,0,2023,Liverpool-Stats
29,2023-01-21,12:30,Premier League,Matchweek 21,Sat,Home,D,0,0,Chelsea,1.4,1.6,48.0,53126.0,James Milner,4-3-3,Michael Oliver,Match Report,,15.0,3.0,15.5,0.0,0,0,2023,Liverpool-Stats
0,2022-08-06,17:30,Premier League,Matchweek 1,Sat,Away,W,1.0,0.0,Everton,1.5,0.7,62.0,39254.0,César Azpilicueta,3-4-3,Craig Pawson,Match Report,,14.0,5.0,16.1,1.0,1,1,2023,Chelsea-Stats
1,2022-08-14,16:30,Premier League,Matchweek 2,Sun,Home,D,2.0,2.0,Tottenham,1.6,1.0,63.0,39946.0,Jorginho,3-5-2,Anthony Taylor,Match Report,,16.0,3.0,17.2,0.0,0,0,2023,Chelsea-Stats
2,2022-08-21,14:00,Premier League,Matchweek 3,Sun,Away,L,0.0,3.0,Leeds United,0.9,2.1,61.0,36372.0,Jorginho,3-5-2,Stuart Attwell,Match Report,,14.0,3.0,19.8,0.0,0,0,2023,Chelsea-Stats
3,2022-08-27,15:00,Premier League,Matchweek 4,Sat,Home,W,2.0,1.0,Leicester City,1.8,2.5,45.0,39953.0,Jorginho,4-4-2,Paul Tierney,Match Report,,7.0,4.0,14.6,0.0,0,0,2023,Chelsea-Stats
4,2022-08-30,19:45,Premier League,Matchweek 5,Tue,Away,L,1.0,2.0,Southampton,1.1,1.1,67.0,31542.0,César Azpilicueta,4-2-2-2,Michael Oliver,Match Report,,10.0,4.0,14.5,0.0,0,0,2023,Chelsea-Stats
5,2022-09-03,15:00,Premier League,Matchweek 6,Sat,Home,W,2.0,1.0,West Ham,0.9,1.1,67.0,39923.0,Thiago Silva,3-1-4-2,Andy Madley,Match Report,,8.0,3.0,17.2,0.0,0,0,2023,Chelsea-Stats
8,2022-10-01,15:00,Premier League,Matchweek 9,Sat,Away,W,2.0,1.0,Crystal Palace,1.1,0.4,64.0,25198.0,Jorginho,4-3-1-2,Chris Kavanagh,Match Report,,13.0,3.0,14.8,0.0,0,0,2023,Chelsea-Stats
10,2022-10-08,15:00,Premier League,Matchweek 10,Sat,Home,W,3.0,0.0,Wolves,1.9,1.1,57.0,39940.0,César Azpilicueta,4-2-3-1,Simon Hooper,Match Report,,20.0,7.0,14.7,0.0,0,0,2023,Chelsea-Stats
12,2022-10-16,14:00,Premier League,Matchweek 11,Sun,Away,W,2.0,0.0,Aston Villa,0.9,1.8,58.0,41754.0,Thiago Silva,3-4-3,Robert Jones,Match Report,,8.0,4.0,18.0,1.0,0,0,2023,Chelsea-Stats
13,2022-10-19,19:30,Premier League,Matchweek 12,Wed,Away,D,0.0,0.0,Brentford,0.9,1.3,66.0,17118.0,César Azpilicueta,3-5-1-1,Jarred Gillett,Match Report,,14.0,5.0,21.4,0.0,0,0,2023,Chelsea-Stats
14,2022-10-22,17:30,Premier League,Matchweek 13,Sat,Home,D,1.0,1.0,Manchester Utd,1.1,0.8,48.0,39503.0,César Azpilicueta,3-4-3,Stuart Attwell,Match Report,,5.0,1.0,19.7,0.0,1,1,2023,Chelsea-Stats
16,2022-10-29,15:00,Premier League,Matchweek 14,Sat,Away,L,1.0,4.0,Brighton,1.4,2.4,59.0,31746.0,Thiago Silva,3-4-3,Andy Madley,Match Report,,15.0,7.0,18.3,0.0,0,0,2023,Chelsea-Stats
18,2022-11-06,12:00,Premier League,Matchweek 15,Sun,Home,L,0.0,1.0,Arsenal,0.3,2.1,45.0,40142.0,César Azpilicueta,4-2-3-1,Michael Oliver,Match Report,,5.0,1.0,16.0,0.0,0,0,2023,Chelsea-Stats
20,2022-11-12,17:30,Premier League,Matchweek 16,Sat,Away,L,0.0,1.0,Newcastle Utd,0.3,1.0,51.0,52264.0,César Azpilicueta,3-4-3,Robert Jones,Match Report,,5.0,2.0,14.0,0.0,0,0,2023,Chelsea-Stats
21,2022-12-27,17:30,Premier League,Matchweek 17,Tue,Home,W,2.0,0.0,Bournemouth,1.8,0.5,60.0,40046.0,Jorginho,4-3-3,Simon Hooper,Match Report,,15.0,5.0,15.7,0.0,0,0,2023,Chelsea-Stats
22,2023-01-01,16:30,Premier League,Matchweek 18,Sun,Away,D,1.0,1.0,Nott'ham Forest,0.9,1.4,71.0,29229.0,César Azpilicueta,4-3-3,Peter Bankes,Match Report,,7.0,2.0,11.6,0.0,0,0,2023,Chelsea-Stats
23,2023-01-05,20:00,Premier League,Matchweek 19,Thu,Home,L,0.0,1.0,Manchester City,0.4,2.1,48.0,39998.0,César Azpilicueta,4-2-3-1,Paul Tierney,Match Report,,8.0,2.0,17.2,0.0,0,0,2023,Chelsea-Stats
25,2023-01-12,20:00,Premier League,Matchweek 7,Thu,Away,L,1.0,2.0,Fulham,2.1,1.0,52.0,24460.0,César Azpilicueta,3-5-2,David Coote,Match Report,,20.0,10.0,16.6,1.0,0,0,2023,Chelsea-Stats
26,2023-01-15,14:00,Premier League,Matchweek 20,Sun,Home,W,1.0,0.0,Crystal Palace,1.5,0.7,61.0,40075.0,Jorginho,4-2-3-1,Peter Bankes,Match Report,,15.0,5.0,14.8,0.0,0,0,2023,Chelsea-Stats
27,2023-01-21,12:30,Premier League,Matchweek 21,Sat,Away,D,0.0,0.0,Liverpool,1.6,1.4,52.0,53126.0,Jorginho,3-4-3,Michael Oliver,Match Report,,11.0,2.0,13.8,0.0,0,0,2023,Chelsea-Stats
0,2022-08-06,15:00,Premier League,Matchweek 1,Sat,Away,L,0.0,2.0,Bournemouth,0.7,0.6,65.0,11013.0,John McGinn,4-3-3,Peter Bankes,Match Report,,15.0,2.0,24.6,0.0,0,0,2023,Aston-Villa-Stats
1,2022-08-13,12:30,Premier League,Matchweek 2,Sat,Home,W,2.0,1.0,Everton,2.3,1.6,57.0,41883.0,John McGinn,4-1-2-1-2◆,Michael Oliver,Match Report,,12.0,3.0,13.3,0.0,0,0,2023,Aston-Villa-Stats
2,2022-08-20,15:00,Premier League,Matchweek 3,Sat,Away,L,1.0,3.0,Crystal Palace,0.9,2.6,49.0,22012.0,John McGinn,4-3-3,Andy Madley,Match Report,,13.0,5.0,17.8,0.0,0,0,2023,Aston-Villa-Stats
4,2022-08-28,14:00,Premier League,Matchweek 4,Sun,Home,L,0.0,1.0,West Ham,0.5,0.6,58.0,41796.0,John McGinn,4-3-1-2,David Coote,Match Report,,9.0,3.0,20.5,0.0,0,0,2023,Aston-Villa-Stats
5,2022-08-31,19:30,Premier League,Matchweek 5,Wed,Away,L,1.0,2.0,Arsenal,0.4,2.4,41.0,60012.0,John McGinn,4-3-3,Robert Jones,Match Report,,4.0,3.0,19.2,0.0,0,0,2023,Aston-Villa-Stats
6,2022-09-03,17:30,Premier League,Matchweek 6,Sat,Home,D,1.0,1.0,Manchester City,0.3,2.1,29.0,41830.0,John McGinn,4-3-2-1,Simon Hooper,Match Report,,3.0,1.0,16.8,0.0,0,0,2023,Aston-Villa-Stats
7,2022-09-16,20:00,Premier League,Matchweek 8,Fri,Home,W,1.0,0.0,Southampton,1.5,0.3,53.0,40758.0,John McGinn,4-3-2-1,Tony Harrington,Match Report,,11.0,3.0,20.7,1.0,0,0,2023,Aston-Villa-Stats
8,2022-10-02,16:30,Premier League,Matchweek 9,Sun,Away,D,0.0,0.0,Leeds United,2.2,0.4,56.0,36582.0,John McGinn,4-3-3,Stuart Attwell,Match Report,,19.0,6.0,17.8,0.0,0,0,2023,Aston-Villa-Stats
9,2022-10-10,20:00,Premier League,Matchweek 10,Mon,Away,D,1.0,1.0,Nott'ham Forest,0.7,0.3,60.0,29208.0,John McGinn,4-3-3,Anthony Taylor,Match Report,,12.0,2.0,20.2,3.0,0,0,2023,Aston-Villa-Stats
10,2022-10-16,14:00,Premier League,Matchweek 11,Sun,Home,L,0.0,2.0,Chelsea,1.8,0.9,42.0,41754.0,John McGinn,4-3-3,Robert Jones,Match Report,,18.0,7.0,15.3,1.0,0,0,2023,Aston-Villa-Stats
11,2022-10-20,19:30,Premier League,Matchweek 12,Thu,Away,L,0.0,3.0,Fulham,1.2,2.1,40.0,23508.0,John McGinn,4-3-2-1,Michael Oliver,Match Report,,12.0,6.0,15.0,0.0,0,0,2023,Aston-Villa-Stats
12,2022-10-23,14:00,Premier League,Matchweek 13,Sun,Home,W,4.0,0.0,Brentford,2.8,0.9,45.0,41693.0,Emiliano Martínez,4-2-3-1,Darren England,Match Report,,18.0,10.0,18.7,0.0,1,1,2023,Aston-Villa-Stats
13,2022-10-29,15:00,Premier League,Matchweek 14,Sat,Away,L,0.0,4.0,Newcastle Utd,0.4,3.4,41.0,52233.0,Emiliano Martínez,4-2-3-1,Paul Tierney,Match Report,,3.0,0.0,13.9,0.0,0,0,2023,Aston-Villa-Stats
14,2022-11-06,14:00,Premier League,Matchweek 15,Sun,Home,W,3.0,1.0,Manchester Utd,0.6,0.5,42.0,42058.0,Emiliano Martínez,4-2-2-2,Anthony Taylor,Match Report,,6.0,4.0,22.7,1.0,0,0,2023,Aston-Villa-Stats
16,2022-11-13,14:00,Premier League,Matchweek 16,Sun,Away,W,2.0,1.0,Brighton,1.5,0.6,35.0,31581.0,John McGinn,4-4-2,Chris Kavanagh,Match Report,,7.0,1.0,25.1,0.0,1,1,2023,Aston-Villa-Stats
17,2022-12-26,17:30,Premier League,Matchweek 17,Mon,Home,L,1.0,3.0,Liverpool,1.4,2.7,48.0,42085.0,John McGinn,4-4-2,Paul Tierney,Match Report,,12.0,6.0,15.3,0.0,0,0,2023,Aston-Villa-Stats
18,2023-01-01,14:00,Premier League,Matchweek 18,Sun,Away,W,2.0,0.0,Tottenham,1.0,0.7,41.0,61651.0,John McGinn,4-4-2,John Brooks,Match Report,,13.0,4.0,20.8,1.0,0,0,2023,Aston-Villa-Stats
19,2023-01-04,20:00,Premier League,Matchweek 19,Wed,Home,D,1.0,1.0,Wolves,1.8,0.9,56.0,39978.0,Ashley Young,4-4-2,Jarred Gillett,Match Report,,13.0,3.0,19.2,1.0,0,0,2023,Aston-Villa-Stats
21,2023-01-13,20:00,Premier League,Matchweek 20,Fri,Home,W,2.0,1.0,Leeds United,1.2,2.4,52.0,42008.0,Emiliano Martínez,4-4-2,Michael Oliver,Match Report,,11.0,5.0,16.9,0.0,0,0,2023,Aston-Villa-Stats
22,2023-01-21,15:00,Premier League,Matchweek 21,Sat,Away,W,1.0,0.0,Southampton,1.4,0.6,63.0,30158.0,Emiliano Martínez,4-4-2,Michael Salisbury,Match Report,,16.0,5.0,17.0,1.0,0,0,2023,Aston-Villa-Stats
0,2022-08-05,20:00,Premier League,Matchweek 1,Fri,Home,L,0,2,Arsenal,1.2,1.0,56.0,25286.0,Marc Guéhi,4-2-3-1,Anthony Taylor,Match Report,,10.0,2.0,14.2,0.0,0,0,2023,Crystal-Palace-Stats
1,2022-08-15,20:00,Premier League,Matchweek 2,Mon,Away,D,1,1,Liverpool,1.0,2.0,28.0,52970.0,Joel Ward,5-4-1,Paul Tierney,Match Report,,7.0,3.0,14.7,0.0,0,0,2023,Crystal-Palace-Stats
2,2022-08-20,15:00,Premier League,Matchweek 3,Sat,Home,W,3,1,Aston Villa,2.6,0.9,51.0,22012.0,Joel Ward,4-3-3,Andy Madley,Match Report,,16.0,8.0,15.6,1.0,0,1,2023,Crystal-Palace-Stats
4,2022-08-27,15:00,Premier League,Matchweek 4,Sat,Away,L,2,4,Manchester City,0.1,2.2,26.0,53112.0,Joel Ward,5-4-1,Darren England,Match Report,,2.0,2.0,20.6,0.0,0,0,2023,Crystal-Palace-Stats
5,2022-08-30,19:30,Premier League,Matchweek 5,Tue,Home,D,1,1,Brentford,1.0,1.4,49.0,25043.0,Joel Ward,4-1-4-1,Simon Hooper,Match Report,,13.0,4.0,19.2,0.0,0,0,2023,Crystal-Palace-Stats
6,2022-09-03,15:00,Premier League,Matchweek 6,Sat,Away,D,0,0,Newcastle Utd,1.0,2.8,48.0,51863.0,Joel Ward,4-3-3,Michael Salisbury,Match Report,,19.0,9.0,20.0,0.0,0,0,2023,Crystal-Palace-Stats
7,2022-10-01,15:00,Premier League,Matchweek 9,Sat,Home,L,1,2,Chelsea,0.4,1.1,36.0,25198.0,Joel Ward,4-3-3,Chris Kavanagh,Match Report,,7.0,3.0,20.1,0.0,0,0,2023,Crystal-Palace-Stats
8,2022-10-09,14:00,Premier League,Matchweek 10,Sun,Home,W,2,1,Leeds United,1.1,1.0,54.0,25042.0,Joel Ward,4-3-3,Paul Tierney,Match Report,,13.0,5.0,17.7,2.0,0,0,2023,Crystal-Palace-Stats
9,2022-10-15,12:30,Premier League,Matchweek 11,Sat,Away,D,0,0,Leicester City,0.4,1.0,46.0,31298.0,Joel Ward,4-3-3,Andy Madley,Match Report,,8.0,1.0,21.2,0.0,0,0,2023,Crystal-Palace-Stats
10,2022-10-18,20:15,Premier League,Matchweek 12,Tue,Home,W,2,1,Wolves,1.2,0.8,51.0,25125.0,Joel Ward,4-3-3,David Coote,Match Report,,14.0,4.0,17.3,1.0,0,0,2023,Crystal-Palace-Stats
11,2022-10-22,15:00,Premier League,Matchweek 13,Sat,Away,L,0,3,Everton,0.9,1.4,54.0,38939.0,Luka Milivojević,4-1-4-1,Simon Hooper,Match Report,,9.0,2.0,17.1,2.0,0,0,2023,Crystal-Palace-Stats
12,2022-10-29,15:00,Premier League,Matchweek 14,Sat,Home,W,1,0,Southampton,0.9,1.3,44.0,25130.0,Luka Milivojević,4-3-3,Michael Salisbury,Match Report,,12.0,3.0,20.0,1.0,0,0,2023,Crystal-Palace-Stats
13,2022-11-06,14:00,Premier League,Matchweek 15,Sun,Away,W,2,1,West Ham,1.0,0.3,58.0,62451.0,Marc Guéhi,4-3-3,Paul Tierney,Match Report,,15.0,6.0,20.5,2.0,0,0,2023,Crystal-Palace-Stats
15,2022-11-12,15:00,Premier League,Matchweek 16,Sat,Away,L,0,1,Nott'ham Forest,1.2,1.1,68.0,29045.0,Marc Guéhi,4-3-3,John Brooks,Match Report,,7.0,0.0,16.9,0.0,0,1,2023,Crystal-Palace-Stats
16,2022-12-26,15:00,Premier League,Matchweek 17,Mon,Home,L,0,3,Fulham,0.4,2.5,36.0,25176.0,Joachim Andersen,4-3-3,Andy Madley,Match Report,,4.0,0.0,13.0,0.0,0,0,2023,Crystal-Palace-Stats
17,2022-12-31,15:00,Premier League,Matchweek 18,Sat,Away,W,2,0,Bournemouth,1.6,0.6,41.0,9972.0,Joel Ward,4-2-3-1,Andre Marriner,Match Report,,15.0,6.0,18.9,1.0,0,0,2023,Crystal-Palace-Stats
18,2023-01-04,20:00,Premier League,Matchweek 19,Wed,Home,L,0,4,Tottenham,0.8,1.4,47.0,25132.0,Joel Ward,4-2-3-1,Michael Oliver,Match Report,,19.0,4.0,20.1,0.0,0,0,2023,Crystal-Palace-Stats
20,2023-01-15,14:00,Premier League,Matchweek 20,Sun,Away,L,0,1,Chelsea,0.7,1.5,39.0,40075.0,Marc Guéhi,4-2-3-1,Peter Bankes,Match Report,,10.0,5.0,17.9,0.0,0,0,2023,Crystal-Palace-Stats
21,2023-01-18,20:00,Premier League,Matchweek 7,Wed,Home,D,1,1,Manchester Utd,0.5,2.1,40.0,23343.0,Marc Guéhi,4-2-3-1,Robert Jones,Match Report,,10.0,5.0,18.2,2.0,0,0,2023,Crystal-Palace-Stats
22,2023-01-21,17:30,Premier League,Matchweek 21,Sat,Home,D,0,0,Newcastle Utd,0.3,1.2,40.0,25350.0,Joel Ward,4-2-3-1,Craig Pawson,Match Report,,6.0,1.0,19.9,0.0,0,0,2023,Crystal-Palace-Stats
0,2022-08-06,15:00,Premier League,Matchweek 1,Sat,Away,L,0,2,Newcastle Utd,0.3,1.7,39.0,52245.0,Joe Worrall,3-4-1-2,Simon Hooper,Match Report,,5.0,0.0,16.0,0.0,0,0,2023,Nottingham-Forest-Stats
1,2022-08-14,14:00,Premier League,Matchweek 2,Sun,Home,W,1,0,West Ham,1.3,2.1,43.0,29281.0,Joe Worrall,3-4-1-2,Robert Jones,Match Report,,13.0,6.0,14.1,1.0,0,0,2023,Nottingham-Forest-Stats
2,2022-08-20,15:00,Premier League,Matchweek 3,Sat,Away,D,1,1,Everton,1.0,1.5,51.0,39271.0,Joe Worrall,3-4-1-2,Andre Marriner,Match Report,,14.0,5.0,19.3,1.0,0,0,2023,Nottingham-Forest-Stats
4,2022-08-28,16:30,Premier League,Matchweek 4,Sun,Home,L,0,2,Tottenham,0.9,2.4,55.0,29296.0,Joe Worrall,3-4-3,Craig Pawson,Match Report,,17.0,1.0,20.0,1.0,0,0,2023,Nottingham-Forest-Stats
5,2022-08-31,19:30,Premier League,Matchweek 5,Wed,Away,L,0,6,Manchester City,0.7,3.3,26.0,53409.0,Joe Worrall,5-3-2,Paul Tierney,Match Report,,8.0,1.0,18.4,1.0,0,0,2023,Nottingham-Forest-Stats
6,2022-09-03,15:00,Premier League,Matchweek 6,Sat,Home,L,2,3,Bournemouth,1.9,0.8,52.0,28720.0,Joe Worrall,3-4-3,Michael Oliver,Match Report,,10.0,2.0,17.5,0.0,1,1,2023,Nottingham-Forest-Stats
7,2022-09-16,20:00,Premier League,Matchweek 8,Fri,Home,L,2,3,Fulham,1.4,0.9,41.0,28654.0,Ryan Yates,3-4-1-2,Jarred Gillett,Match Report,,11.0,3.0,16.4,1.0,0,0,2023,Nottingham-Forest-Stats
8,2022-10-03,20:00,Premier League,Matchweek 9,Mon,Away,L,0,4,Leicester City,1.1,1.3,49.0,32202.0,Steve Cook,4-2-3-1,Robert Jones,Match Report,,10.0,3.0,15.7,0.0,0,0,2023,Nottingham-Forest-Stats
9,2022-10-10,20:00,Premier League,Matchweek 10,Mon,Home,D,1,1,Aston Villa,0.3,0.7,40.0,29208.0,Ryan Yates,4-3-3,Anthony Taylor,Match Report,,6.0,3.0,18.7,0.0,0,0,2023,Nottingham-Forest-Stats
10,2022-10-15,15:00,Premier League,Matchweek 11,Sat,Away,L,0,1,Wolves,1.5,1.3,42.0,31554.0,Ryan Yates,4-3-3,Thomas Bramall,Match Report,,9.0,1.0,19.9,1.0,0,1,2023,Nottingham-Forest-Stats
11,2022-10-18,19:30,Premier League,Matchweek 12,Tue,Away,D,0,0,Brighton,0.1,1.7,30.0,31463.0,Ryan Yates,4-3-3,Darren England,Match Report,,3.0,0.0,11.5,0.0,0,0,2023,Nottingham-Forest-Stats
12,2022-10-22,12:30,Premier League,Matchweek 13,Sat,Home,W,1,0,Liverpool,1.9,1.6,25.0,29245.0,Ryan Yates,4-3-3,Paul Tierney,Match Report,,10.0,7.0,15.9,0.0,0,0,2023,Nottingham-Forest-Stats
13,2022-10-30,14:00,Premier League,Matchweek 14,Sun,Away,L,0,5,Arsenal,0.4,2.3,31.0,60263.0,Ryan Yates,4-3-3,Simon Hooper,Match Report,,5.0,2.0,20.4,0.0,0,0,2023,Nottingham-Forest-Stats
14,2022-11-05,15:00,Premier League,Matchweek 15,Sat,Home,D,2,2,Brentford,1.5,1.5,48.0,28869.0,Ryan Yates,4-3-1-2,Andre Marriner,Match Report,,15.0,6.0,17.8,0.0,0,0,2023,Nottingham-Forest-Stats
16,2022-11-12,15:00,Premier League,Matchweek 16,Sat,Home,W,1,0,Crystal Palace,1.1,1.2,32.0,29045.0,Joe Worrall,4-3-3,John Brooks,Match Report,,9.0,2.0,15.2,1.0,0,0,2023,Nottingham-Forest-Stats
18,2022-12-27,20:00,Premier League,Matchweek 17,Tue,Away,L,0,3,Manchester Utd,0.7,2.4,35.0,73608.0,Joe Worrall,4-3-3,Anthony Taylor,Match Report,,8.0,3.0,15.2,0.0,0,0,2023,Nottingham-Forest-Stats
19,2023-01-01,16:30,Premier League,Matchweek 18,Sun,Home,D,1,1,Chelsea,1.4,0.9,29.0,29229.0,Joe Worrall,4-3-3,Peter Bankes,Match Report,,12.0,5.0,15.5,0.0,0,0,2023,Nottingham-Forest-Stats
20,2023-01-04,19:30,Premier League,Matchweek 19,Wed,Away,W,1,0,Southampton,1.4,0.5,37.0,30150.0,Joe Worrall,4-3-1-2,Thomas Bramall,Match Report,,11.0,1.0,22.3,0.0,0,0,2023,Nottingham-Forest-Stats
23,2023-01-14,15:00,Premier League,Matchweek 20,Sat,Home,W,2,0,Leicester City,2.4,1.0,39.0,29301.0,Joe Worrall,4-3-1-2,Paul Tierney,Match Report,,15.0,5.0,19.3,2.0,0,0,2023,Nottingham-Forest-Stats
24,2023-01-21,15:00,Premier League,Matchweek 21,Sat,Away,D,1,1,Bournemouth,1.9,1.4,57.0,10248.0,Joe Worrall,4-3-1-2,Andy Madley,Match Report,,20.0,5.0,17.9,0.0,0,0,2023,Nottingham-Forest-Stats
0,2022-08-07,14:00,Premier League,Matchweek 1,Sun,Home,D,2,2,Brentford,0.6,0.8,56.0,31794.0,Jonny Evans,3-5-1-1,Jarred Gillett,Match Report,,14.0,5.0,23.1,0.0,0,0,2023,Leicester-City-Stats
1,2022-08-13,15:00,Premier League,Matchweek 2,Sat,Away,L,2,4,Arsenal,0.5,2.7,50.0,60033.0,Jonny Evans,3-5-1-1,Darren England,Match Report,,6.0,2.0,14.6,0.0,0,0,2023,Leicester-City-Stats
2,2022-08-20,15:00,Premier League,Matchweek 3,Sat,Home,L,1,2,Southampton,0.3,0.9,62.0,30850.0,Jonny Evans,4-1-4-1,Michael Salisbury,Match Report,,6.0,1.0,17.8,1.0,0,0,2023,Leicester-City-Stats
4,2022-08-27,15:00,Premier League,Matchweek 4,Sat,Away,L,1,2,Chelsea,2.5,1.8,55.0,39953.0,Jonny Evans,4-1-4-1,Paul Tierney,Match Report,,17.0,5.0,17.9,0.0,0,0,2023,Leicester-City-Stats
5,2022-09-01,20:00,Premier League,Matchweek 5,Thu,Home,L,0,1,Manchester Utd,0.7,1.5,53.0,32226.0,Jonny Evans,4-1-4-1,Craig Pawson,Match Report,,10.0,2.0,23.5,2.0,0,0,2023,Leicester-City-Stats
6,2022-09-04,14:00,Premier League,Matchweek 6,Sun,Away,L,2,5,Brighton,1.4,2.6,47.0,31185.0,Jonny Evans,4-4-2,Tony Harrington,Match Report,,6.0,4.0,14.8,0.0,0,0,2023,Leicester-City-Stats
7,2022-09-17,17:30,Premier League,Matchweek 8,Sat,Away,L,2,6,Tottenham,1.8,2.2,56.0,61450.0,Jonny Evans,4-1-4-1,Simon Hooper,Match Report,,18.0,6.0,22.7,0.0,1,1,2023,Leicester-City-Stats
8,2022-10-03,20:00,Premier League,Matchweek 9,Mon,Home,W,4,0,Nott'ham Forest,1.3,1.1,51.0,32202.0,Jonny Evans,4-1-4-1,Robert Jones,Match Report,,17.0,7.0,17.7,1.0,0,0,2023,Leicester-City-Stats
9,2022-10-08,15:00,Premier League,Matchweek 10,Sat,Away,L,1,2,Bournemouth,1.0,1.1,55.0,10272.0,Jonny Evans,4-1-4-1,Michael Salisbury,Match Report,,9.0,5.0,13.2,1.0,0,0,2023,Leicester-City-Stats
10,2022-10-15,12:30,Premier League,Matchweek 11,Sat,Home,D,0,0,Crystal Palace,1.0,0.4,54.0,31298.0,Youri Tielemans,4-1-4-1,Andy Madley,Match Report,,14.0,5.0,19.4,1.0,0,0,2023,Leicester-City-Stats
11,2022-10-20,20:15,Premier League,Matchweek 12,Thu,Home,W,2,0,Leeds United,0.8,1.3,46.0,30814.0,Youri Tielemans,4-1-4-1,Peter Bankes,Match Report,,5.0,1.0,17.7,0.0,0,0,2023,Leicester-City-Stats
12,2022-10-23,14:00,Premier League,Matchweek 13,Sun,Away,W,4,0,Wolves,0.9,2.1,40.0,31425.0,Youri Tielemans,4-1-4-1,Michael Oliver,Match Report,,5.0,4.0,14.7,0.0,0,0,2023,Leicester-City-Stats
13,2022-10-29,12:30,Premier League,Matchweek 14,Sat,Home,L,0,1,Manchester City,0.7,1.0,36.0,32223.0,Youri Tielemans,3-4-3,Robert Jones,Match Report,,10.0,5.0,16.4,0.0,0,0,2023,Leicester-City-Stats
14,2022-11-05,17:30,Premier League,Matchweek 15,Sat,Away,W,2,0,Everton,2.3,1.2,51.0,39206.0,Youri Tielemans,4-1-4-1,David Coote,Match Report,,22.0,8.0,17.5,0.0,0,0,2023,Leicester-City-Stats
16,2022-11-12,15:00,Premier League,Matchweek 16,Sat,Away,W,2,0,West Ham,1.8,1.4,46.0,62459.0,Youri Tielemans,4-1-4-1,Jarred Gillett,Match Report,,8.0,5.0,21.3,0.0,0,1,2023,Leicester-City-Stats
18,2022-12-26,15:00,Premier League,Matchweek 17,Mon,Home,L,0,3,Newcastle Utd,0.5,1.9,60.0,32185.0,Youri Tielemans,4-2-3-1,Jarred Gillett,Match Report,,8.0,2.0,20.1,0.0,0,0,2023,Leicester-City-Stats
19,2022-12-30,20:00,Premier League,Matchweek 18,Fri,Away,L,1,2,Liverpool,1.0,2.2,43.0,53343.0,Wilfred Ndidi,4-2-3-1,Craig Pawson,Match Report,,7.0,2.0,12.1,0.0,0,0,2023,Leicester-City-Stats
20,2023-01-03,19:45,Premier League,Matchweek 19,Tue,Home,L,0,1,Fulham,1.7,1.7,60.0,30813.0,Youri Tielemans,4-2-3-1,Darren Bond,Match Report,,15.0,6.0,18.9,1.0,0,0,2023,Leicester-City-Stats
23,2023-01-14,15:00,Premier League,Matchweek 20,Sat,Away,L,0,2,Nott'ham Forest,1.0,2.4,61.0,29301.0,Marc Albrighton,4-2-3-1,Paul Tierney,Match Report,,6.0,1.0,18.0,0.0,0,0,2023,Leicester-City-Stats
24,2023-01-21,15:00,Premier League,Matchweek 21,Sat,Home,D,2,2,Brighton,0.9,1.7,37.0,32056.0,Youri Tielemans,4-4-2,Thomas Bramall,Match Report,,9.0,2.0,12.1,1.0,0,0,2023,Leicester-City-Stats
0,2022-08-06,15:00,Premier League,Matchweek 1,Sat,Home,W,2.0,1.0,Wolves,0.8,1.3,40.0,36347.0,Patrick Bamford,4-2-3-1,Robert Jones,Match Report,,12.0,4.0,18.6,1.0,0,0,2023,Leeds-United-Stats
1,2022-08-13,15:00,Premier League,Matchweek 2,Sat,Away,D,2.0,2.0,Southampton,1.8,1.2,57.0,30815.0,Patrick Bamford,4-2-3-1,Tony Harrington,Match Report,,13.0,5.0,12.0,0.0,0,0,2023,Leeds-United-Stats
2,2022-08-21,14:00,Premier League,Matchweek 3,Sun,Home,W,3.0,0.0,Chelsea,2.1,0.9,39.0,36372.0,Rodrigo,4-2-3-1,Stuart Attwell,Match Report,,12.0,6.0,16.3,0.0,0,0,2023,Leeds-United-Stats
4,2022-08-27,15:00,Premier League,Matchweek 4,Sat,Away,L,0.0,1.0,Brighton,1.8,2.0,56.0,30953.0,Rodrigo,4-2-3-1,Michael Salisbury,Match Report,,10.0,2.0,18.0,1.0,0,0,2023,Leeds-United-Stats
5,2022-08-30,20:00,Premier League,Matchweek 5,Tue,Home,D,1.0,1.0,Everton,1.0,1.0,69.0,36338.0,Rodrigo,4-2-3-1,Darren England,Match Report,,14.0,5.0,16.9,0.0,0,0,2023,Leeds-United-Stats
6,2022-09-03,15:00,Premier League,Matchweek 6,Sat,Away,L,2.0,5.0,Brentford,1.7,2.3,68.0,17092.0,Robin Koch,4-2-3-1,Robert Jones,Match Report,,17.0,6.0,21.9,1.0,0,0,2023,Leeds-United-Stats
7,2022-10-02,16:30,Premier League,Matchweek 9,Sun,Home,D,0.0,0.0,Aston Villa,0.4,2.2,44.0,36582.0,Liam Cooper,4-2-3-1,Stuart Attwell,Match Report,,6.0,1.0,16.8,0.0,0,0,2023,Leeds-United-Stats
8,2022-10-09,14:00,Premier League,Matchweek 10,Sun,Away,L,1.0,2.0,Crystal Palace,1.0,1.1,46.0,25042.0,Liam Cooper,4-2-3-1,Paul Tierney,Match Report,,10.0,4.0,18.1,0.0,0,0,2023,Leeds-United-Stats
9,2022-10-16,14:00,Premier League,Matchweek 11,Sun,Home,L,0.0,1.0,Arsenal,1.8,0.5,47.0,36700.0,Liam Cooper,4-2-3-1,Chris Kavanagh,Match Report,,15.0,4.0,18.1,0.0,0,1,2023,Leeds-United-Stats
10,2022-10-20,20:15,Premier League,Matchweek 12,Thu,Away,L,0.0,2.0,Leicester City,1.3,0.8,54.0,30814.0,Patrick Bamford,4-2-3-1,Peter Bankes,Match Report,,14.0,2.0,18.3,0.0,0,0,2023,Leeds-United-Stats
11,2022-10-23,14:00,Premier League,Matchweek 13,Sun,Home,L,2.0,3.0,Fulham,1.6,1.8,57.0,36447.0,Liam Cooper,4-2-3-1,Anthony Taylor,Match Report,,14.0,5.0,16.3,0.0,0,0,2023,Leeds-United-Stats
12,2022-10-29,19:45,Premier League,Matchweek 14,Sat,Away,W,2.0,1.0,Liverpool,1.8,1.7,32.0,53274.0,Liam Cooper,4-2-3-1,Michael Oliver,Match Report,,14.0,6.0,19.4,3.0,0,0,2023,Leeds-United-Stats
13,2022-11-05,15:00,Premier League,Matchweek 15,Sat,Home,W,4.0,3.0,Bournemouth,2.2,1.5,60.0,36304.0,Liam Cooper,4-2-3-1,Tony Harrington,Match Report,,17.0,3.0,15.9,0.0,1,1,2023,Leeds-United-Stats
15,2022-11-12,15:00,Premier League,Matchweek 16,Sat,Away,L,3.0,4.0,Tottenham,1.1,1.8,45.0,61667.0,Liam Cooper,4-2-3-1,Michael Salisbury,Match Report,,12.0,5.0,16.2,2.0,0,0,2023,Leeds-United-Stats
16,2022-12-28,20:00,Premier League,Matchweek 17,Wed,Home,L,1.0,3.0,Manchester City,0.6,4.3,31.0,36889.0,Liam Cooper,4-3-3,Stuart Attwell,Match Report,,9.0,1.0,19.3,2.0,0,0,2023,Leeds-United-Stats
17,2022-12-31,15:00,Premier League,Matchweek 18,Sat,Away,D,0.0,0.0,Newcastle Utd,0.4,2.2,40.0,52211.0,Liam Cooper,4-2-3-1,Simon Hooper,Match Report,,8.0,1.0,17.9,1.0,0,0,2023,Leeds-United-Stats
18,2023-01-04,19:45,Premier League,Matchweek 19,Wed,Home,D,2.0,2.0,West Ham,1.6,1.4,62.0,36173.0,Liam Cooper,4-2-3-1,David Coote,Match Report,,14.0,5.0,14.0,0.0,0,0,2023,Leeds-United-Stats
20,2023-01-13,20:00,Premier League,Matchweek 20,Fri,Away,L,1.0,2.0,Aston Villa,2.4,1.2,48.0,42008.0,Liam Cooper,4-2-3-1,Michael Oliver,Match Report,,16.0,3.0,12.7,0.0,0,0,2023,Leeds-United-Stats
22,2023-01-22,14:00,Premier League,Matchweek 21,Sun,Home,D,0.0,0.0,Brentford,0.5,0.4,58.0,36260.0,Luke Ayling,4-2-3-1,Peter Bankes,Match Report,,9.0,5.0,23.2,1.0,0,0,2023,Leeds-United-Stats
0,2022-08-07,16:30,Premier League,Matchweek 1,Sun,Home,L,0,2,Manchester City,0.5,2.2,25.0,62443.0,Declan Rice,4-2-3-1,Michael Oliver,Match Report,,6.0,1.0,16.3,0.0,0,0,2023,West-Ham-United-Stats
1,2022-08-14,14:00,Premier League,Matchweek 2,Sun,Away,L,0,1,Nott'ham Forest,2.1,1.3,57.0,29281.0,Declan Rice,4-3-3,Robert Jones,Match Report,,18.0,3.0,19.3,2.0,0,1,2023,West-Ham-United-Stats
3,2022-08-21,14:00,Premier League,Matchweek 3,Sun,Home,L,0,2,Brighton,0.8,1.7,50.0,62449.0,Declan Rice,4-2-3-1,Anthony Taylor,Match Report,,13.0,3.0,16.5,0.0,0,0,2023,West-Ham-United-Stats
5,2022-08-28,14:00,Premier League,Matchweek 4,Sun,Away,W,1,0,Aston Villa,0.6,0.5,42.0,41796.0,Declan Rice,3-5-2,David Coote,Match Report,,7.0,2.0,24.8,1.0,0,0,2023,West-Ham-United-Stats
6,2022-08-31,19:45,Premier League,Matchweek 5,Wed,Home,D,1,1,Tottenham,1.2,0.6,39.0,62450.0,Declan Rice,4-2-3-1,Peter Bankes,Match Report,,14.0,4.0,16.3,0.0,0,0,2023,West-Ham-United-Stats
7,2022-09-03,15:00,Premier League,Matchweek 6,Sat,Away,L,1,2,Chelsea,1.1,0.9,33.0,39923.0,Declan Rice,3-4-1-2,Andy Madley,Match Report,,6.0,3.0,15.9,0.0,0,0,2023,West-Ham-United-Stats
10,2022-09-18,14:15,Premier League,Matchweek 8,Sun,Away,L,0,1,Everton,1.0,0.4,47.0,39298.0,Declan Rice,4-2-3-1,Michael Oliver,Match Report,,14.0,4.0,15.2,0.0,0,0,2023,West-Ham-United-Stats
11,2022-10-01,17:30,Premier League,Matchweek 9,Sat,Home,W,2,0,Wolves,0.9,0.7,39.0,62444.0,Declan Rice,4-2-3-1,Paul Tierney,Match Report,,18.0,5.0,20.3,1.0,0,0,2023,West-Ham-United-Stats
13,2022-10-09,14:00,Premier League,Matchweek 10,Sun,Home,W,3,1,Fulham,2.4,0.7,50.0,62407.0,Declan Rice,4-2-3-1,Chris Kavanagh,Match Report,,16.0,7.0,16.4,0.0,1,1,2023,West-Ham-United-Stats
15,2022-10-16,14:00,Premier League,Matchweek 11,Sun,Away,D,1,1,Southampton,1.7,0.5,61.0,29159.0,Declan Rice,3-4-3,Peter Bankes,Match Report,,25.0,4.0,18.8,0.0,0,0,2023,West-Ham-United-Stats
16,2022-10-19,19:30,Premier League,Matchweek 12,Wed,Away,L,0,1,Liverpool,1.7,1.7,46.0,52982.0,Declan Rice,4-4-2,Stuart Attwell,Match Report,,7.0,2.0,15.2,0.0,0,1,2023,West-Ham-United-Stats
17,2022-10-24,20:00,Premier League,Matchweek 13,Mon,Home,W,2,0,Bournemouth,1.9,0.4,55.0,62447.0,Declan Rice,4-2-3-1,David Coote,Match Report,,19.0,3.0,21.1,1.0,1,1,2023,West-Ham-United-Stats
19,2022-10-30,16:15,Premier League,Matchweek 14,Sun,Away,L,0,1,Manchester Utd,1.1,1.2,47.0,73682.0,Declan Rice,4-2-3-1,Chris Kavanagh,Match Report,,13.0,4.0,22.3,0.0,0,0,2023,West-Ham-United-Stats
21,2022-11-06,14:00,Premier League,Matchweek 15,Sun,Home,L,1,2,Crystal Palace,0.3,1.0,42.0,62451.0,Declan Rice,4-2-3-1,Paul Tierney,Match Report,,5.0,2.0,16.7,0.0,0,0,2023,West-Ham-United-Stats
23,2022-11-12,15:00,Premier League,Matchweek 16,Sat,Home,L,0,2,Leicester City,1.4,1.8,54.0,62459.0,Declan Rice,4-2-3-1,Jarred Gillett,Match Report,,18.0,6.0,16.4,0.0,0,0,2023,West-Ham-United-Stats
24,2022-12-26,20:00,Premier League,Matchweek 17,Mon,Away,L,1,3,Arsenal,1.0,2.1,34.0,60125.0,Declan Rice,4-2-3-1,Michael Oliver,Match Report,,7.0,3.0,24.2,0.0,1,1,2023,West-Ham-United-Stats
25,2022-12-30,19:45,Premier League,Matchweek 18,Fri,Home,L,0,2,Brentford,1.3,1.6,63.0,62467.0,Declan Rice,3-4-3,Darren England,Match Report,,20.0,5.0,18.2,2.0,0,0,2023,West-Ham-United-Stats
26,2023-01-04,19:45,Premier League,Matchweek 19,Wed,Away,D,2,2,Leeds United,1.4,1.6,38.0,36173.0,Declan Rice,4-3-3,David Coote,Match Report,,14.0,1.0,22.5,0.0,1,1,2023,West-Ham-United-Stats
28,2023-01-14,15:00,Premier League,Matchweek 20,Sat,Away,L,0,1,Wolves,1.1,0.9,42.0,31511.0,Declan Rice,4-3-3,Simon Hooper,Match Report,,16.0,3.0,18.4,0.0,0,0,2023,West-Ham-United-Stats
29,2023-01-21,15:00,Premier League,Matchweek 21,Sat,Home,W,2,0,Everton,2.2,0.5,33.0,62470.0,Declan Rice,3-4-3,Stuart Attwell,Match Report,,11.0,4.0,11.9,0.0,0,0,2023,West-Ham-United-Stats
0,2022-08-06,15:00,Premier League,Matchweek 1,Sat,Away,L,1,2,Leeds United,1.3,0.8,60.0,36347.0,Rúben Neves,4-2-3-1,Robert Jones,Match Report,,15.0,6.0,18.9,0.0,0,0,2023,Wolverhampton-Wanderers-Stats
1,2022-08-13,15:00,Premier League,Matchweek 2,Sat,Home,D,0,0,Fulham,0.9,1.5,59.0,31178.0,Rúben Neves,4-2-3-1,John Brooks,Match Report,,7.0,1.0,18.7,1.0,0,0,2023,Wolverhampton-Wanderers-Stats
2,2022-08-20,12:30,Premier League,Matchweek 3,Sat,Away,L,0,1,Tottenham,0.7,1.7,50.0,61298.0,Rúben Neves,3-5-2,Simon Hooper,Match Report,,20.0,3.0,21.9,1.0,0,0,2023,Wolverhampton-Wanderers-Stats
4,2022-08-28,14:00,Premier League,Matchweek 4,Sun,Home,D,1,1,Newcastle Utd,0.7,1.7,37.0,31311.0,Rúben Neves,4-3-3,Peter Bankes,Match Report,,10.0,4.0,20.7,1.0,0,0,2023,Wolverhampton-Wanderers-Stats
5,2022-08-31,19:30,Premier League,Matchweek 5,Wed,Away,D,0,0,Bournemouth,1.5,0.4,65.0,10113.0,Rúben Neves,4-3-3,Anthony Taylor,Match Report,,17.0,3.0,17.7,1.0,0,0,2023,Wolverhampton-Wanderers-Stats
6,2022-09-03,15:00,Premier League,Matchweek 6,Sat,Home,W,1,0,Southampton,0.8,1.2,51.0,30546.0,Rúben Neves,4-3-3,John Brooks,Match Report,,7.0,2.0,12.9,0.0,0,0,2023,Wolverhampton-Wanderers-Stats
7,2022-09-17,12:30,Premier League,Matchweek 8,Sat,Home,L,0,3,Manchester City,0.4,1.1,41.0,31578.0,Rúben Neves,4-3-3,Anthony Taylor,Match Report,,6.0,1.0,19.6,2.0,0,0,2023,Wolverhampton-Wanderers-Stats
8,2022-10-01,17:30,Premier League,Matchweek 9,Sat,Away,L,0,2,West Ham,0.7,0.9,61.0,62444.0,Rúben Neves,3-4-3,Paul Tierney,Match Report,,15.0,4.0,21.6,0.0,0,0,2023,Wolverhampton-Wanderers-Stats
9,2022-10-08,15:00,Premier League,Matchweek 10,Sat,Away,L,0,3,Chelsea,1.1,1.9,43.0,39940.0,João Moutinho,4-2-3-1,Simon Hooper,Match Report,,8.0,2.0,14.5,1.0,0,0,2023,Wolverhampton-Wanderers-Stats
10,2022-10-15,15:00,Premier League,Matchweek 11,Sat,Home,W,1,0,Nott'ham Forest,1.3,1.5,58.0,31554.0,Rúben Neves,4-2-3-1,Thomas Bramall,Match Report,,8.0,1.0,16.8,0.0,1,1,2023,Wolverhampton-Wanderers-Stats
11,2022-10-18,20:15,Premier League,Matchweek 12,Tue,Away,L,1,2,Crystal Palace,0.8,1.2,49.0,25125.0,Rúben Neves,4-2-3-1,David Coote,Match Report,,10.0,4.0,16.3,1.0,0,0,2023,Wolverhampton-Wanderers-Stats
12,2022-10-23,14:00,Premier League,Matchweek 13,Sun,Home,L,0,4,Leicester City,2.1,0.9,60.0,31425.0,Rúben Neves,4-2-3-1,Michael Oliver,Match Report,,21.0,5.0,15.7,1.0,0,0,2023,Wolverhampton-Wanderers-Stats
13,2022-10-29,15:00,Premier League,Matchweek 14,Sat,Away,D,1,1,Brentford,0.6,1.4,42.0,17051.0,Rúben Neves,4-2-3-1,Robert Madley,Match Report,,13.0,4.0,20.4,0.0,0,0,2023,Wolverhampton-Wanderers-Stats
14,2022-11-05,15:00,Premier League,Matchweek 15,Sat,Home,L,2,3,Brighton,1.2,1.5,29.0,30732.0,Rúben Neves,4-3-3,Graham Scott,Match Report,,7.0,4.0,18.3,0.0,1,1,2023,Wolverhampton-Wanderers-Stats
16,2022-11-12,19:45,Premier League,Matchweek 16,Sat,Home,L,0,2,Arsenal,0.7,2.1,38.0,34624.0,João Moutinho,5-3-2,Stuart Attwell,Match Report,,11.0,2.0,20.0,1.0,0,0,2023,Wolverhampton-Wanderers-Stats
18,2022-12-26,15:00,Premier League,Matchweek 17,Mon,Away,W,2,1,Everton,0.8,1.7,42.0,39252.0,Rúben Neves,4-3-3,Craig Pawson,Match Report,,7.0,4.0,18.6,0.0,0,0,2023,Wolverhampton-Wanderers-Stats
19,2022-12-31,12:30,Premier League,Matchweek 18,Sat,Home,L,0,1,Manchester Utd,0.7,2.0,46.0,31658.0,Rúben Neves,4-2-3-1,Robert Jones,Match Report,,10.0,3.0,17.3,2.0,0,0,2023,Wolverhampton-Wanderers-Stats
20,2023-01-04,20:00,Premier League,Matchweek 19,Wed,Away,D,1,1,Aston Villa,0.9,1.8,44.0,39978.0,Rúben Neves,4-2-3-1,Jarred Gillett,Match Report,,10.0,3.0,14.2,0.0,0,0,2023,Wolverhampton-Wanderers-Stats
23,2023-01-14,15:00,Premier League,Matchweek 20,Sat,Home,W,1,0,West Ham,0.9,1.1,58.0,31511.0,Rúben Neves,4-2-3-1,Simon Hooper,Match Report,,17.0,4.0,20.0,0.0,0,0,2023,Wolverhampton-Wanderers-Stats
25,2023-01-22,14:00,Premier League,Matchweek 21,Sun,Away,L,0,3,Manchester City,0.8,2.8,45.0,53282.0,Rúben Neves,4-3-3,David Coote,Match Report,,10.0,1.0,16.4,0.0,0,0,2023,Wolverhampton-Wanderers-Stats
0,2022-08-06,15:00,Premier League,Matchweek 1,Sat,Home,W,2,0,Aston Villa,0.6,0.7,35.0,11013.0,Lloyd Kelly,3-4-3,Peter Bankes,Match Report,,7.0,3.0,15.7,0.0,0,0,2023,Bournemouth-Stats
1,2022-08-13,15:00,Premier League,Matchweek 2,Sat,Away,L,0,4,Manchester City,0.1,1.7,33.0,53453.0,Lloyd Kelly,3-4-3,David Coote,Match Report,,3.0,1.0,20.6,0.0,0,0,2023,Bournemouth-Stats
2,2022-08-20,17:30,Premier League,Matchweek 3,Sat,Home,L,0,3,Arsenal,0.3,1.3,43.0,10423.0,Lloyd Kelly,3-1-4-2,Craig Pawson,Match Report,,6.0,1.0,18.5,1.0,0,0,2023,Bournemouth-Stats
4,2022-08-27,15:00,Premier League,Matchweek 4,Sat,Away,L,0,9,Liverpool,0.3,3.3,31.0,53328.0,Adam Smith,4-2-3-1,Stuart Attwell,Match Report,,5.0,2.0,18.2,0.0,0,0,2023,Bournemouth-Stats
5,2022-08-31,19:30,Premier League,Matchweek 5,Wed,Home,D,0,0,Wolves,0.4,1.5,35.0,10113.0,Lloyd Kelly,4-4-2,Anthony Taylor,Match Report,,5.0,2.0,16.1,0.0,0,0,2023,Bournemouth-Stats
6,2022-09-03,15:00,Premier League,Matchweek 6,Sat,Away,W,3,2,Nott'ham Forest,0.8,1.9,48.0,28720.0,Lloyd Kelly,4-2-3-1,Michael Oliver,Match Report,,8.0,3.0,17.5,0.0,0,0,2023,Bournemouth-Stats
7,2022-09-17,15:00,Premier League,Matchweek 8,Sat,Away,D,1,1,Newcastle Utd,0.7,1.9,28.0,52238.0,Adam Smith,4-2-3-1,Craig Pawson,Match Report,,10.0,3.0,18.1,0.0,0,0,2023,Bournemouth-Stats
8,2022-10-01,15:00,Premier League,Matchweek 9,Sat,Home,D,0,0,Brentford,0.4,0.9,42.0,10126.0,Adam Smith,4-4-2,Thomas Bramall,Match Report,,7.0,0.0,15.5,1.0,0,0,2023,Bournemouth-Stats
9,2022-10-08,15:00,Premier League,Matchweek 10,Sat,Home,W,2,1,Leicester City,1.1,1.0,45.0,10272.0,Adam Smith,4-4-2,Michael Salisbury,Match Report,,10.0,4.0,15.0,1.0,0,0,2023,Bournemouth-Stats
10,2022-10-15,15:00,Premier League,Matchweek 11,Sat,Away,D,2,2,Fulham,1.0,2.1,31.0,22541.0,Adam Smith,4-2-3-1,Graham Scott,Match Report,,10.0,6.0,13.0,0.0,0,0,2023,Bournemouth-Stats
11,2022-10-19,19:30,Premier League,Matchweek 12,Wed,Home,L,0,1,Southampton,1.0,1.0,54.0,10405.0,Adam Smith,3-4-3,John Brooks,Match Report,,15.0,3.0,17.6,1.0,0,0,2023,Bournemouth-Stats
12,2022-10-24,20:00,Premier League,Matchweek 13,Mon,Away,L,0,2,West Ham,0.4,1.9,45.0,62447.0,Adam Smith,4-2-3-1,David Coote,Match Report,,5.0,3.0,13.6,0.0,0,0,2023,Bournemouth-Stats
13,2022-10-29,15:00,Premier League,Matchweek 14,Sat,Home,L,2,3,Tottenham,0.5,2.0,31.0,10430.0,Adam Smith,3-5-1-1,Anthony Taylor,Match Report,,6.0,4.0,14.0,0.0,0,0,2023,Bournemouth-Stats
14,2022-11-05,15:00,Premier League,Matchweek 15,Sat,Away,L,3,4,Leeds United,1.5,2.2,40.0,36304.0,Adam Smith,4-4-2,Tony Harrington,Match Report,,9.0,5.0,12.4,0.0,0,0,2023,Bournemouth-Stats
16,2022-11-12,15:00,Premier League,Matchweek 16,Sat,Home,W,3,0,Everton,2.4,0.8,36.0,10382.0,Adam Smith,4-4-2,Craig Pawson,Match Report,,16.0,8.0,13.6,0.0,0,0,2023,Bournemouth-Stats
18,2022-12-27,17:30,Premier League,Matchweek 17,Tue,Away,L,0,2,Chelsea,0.5,1.8,40.0,40046.0,Lloyd Kelly,5-3-2,Simon Hooper,Match Report,,9.0,4.0,21.0,2.0,0,0,2023,Bournemouth-Stats
19,2022-12-31,15:00,Premier League,Matchweek 18,Sat,Home,L,0,2,Crystal Palace,0.6,1.6,59.0,9972.0,Lloyd Kelly,4-4-2,Andre Marriner,Match Report,,6.0,2.0,14.8,0.0,0,0,2023,Bournemouth-Stats
20,2023-01-03,20:00,Premier League,Matchweek 19,Tue,Away,L,0,3,Manchester Utd,0.6,2.2,42.0,73322.0,Lloyd Kelly,4-4-2,Michael Salisbury,Match Report,,7.0,4.0,15.7,1.0,0,0,2023,Bournemouth-Stats
22,2023-01-14,17:30,Premier League,Matchweek 20,Sat,Away,L,0,2,Brentford,0.6,1.4,50.0,17031.0,Lloyd Kelly,4-4-1-1,Jarred Gillett,Match Report,,7.0,2.0,18.1,0.0,0,0,2023,Bournemouth-Stats
23,2023-01-21,15:00,Premier League,Matchweek 21,Sat,Home,D,1,1,Nott'ham Forest,1.4,1.9,43.0,10248.0,Lloyd Kelly,4-4-2,Andy Madley,Match Report,,16.0,3.0,15.4,2.0,0,0,2023,Bournemouth-Stats
0,2022-08-06,17:30,Premier League,Matchweek 1,Sat,Home,L,0.0,1.0,Chelsea,0.7,1.5,38.0,39254.0,Jordan Pickford,5-4-1,Craig Pawson,Match Report,,8.0,3.0,13.5,0.0,0,0,2023,Everton-Stats
1,2022-08-13,12:30,Premier League,Matchweek 2,Sat,Away,L,1.0,2.0,Aston Villa,1.6,2.3,43.0,41883.0,Jordan Pickford,3-4-3,Michael Oliver,Match Report,,15.0,4.0,14.8,0.0,0,0,2023,Everton-Stats
2,2022-08-20,15:00,Premier League,Matchweek 3,Sat,Home,D,1.0,1.0,Nott'ham Forest,1.5,1.0,49.0,39271.0,Jordan Pickford,3-4-3,Andre Marriner,Match Report,,19.0,8.0,20.8,1.0,0,0,2023,Everton-Stats
4,2022-08-27,15:00,Premier League,Matchweek 4,Sat,Away,D,1.0,1.0,Brentford,1.1,2.1,42.0,17009.0,Jordan Pickford,3-4-3,John Brooks,Match Report,,14.0,7.0,16.7,0.0,0,0,2023,Everton-Stats
5,2022-08-30,20:00,Premier League,Matchweek 5,Tue,Away,D,1.0,1.0,Leeds United,1.0,1.0,31.0,36338.0,Jordan Pickford,4-3-3,Darren England,Match Report,,7.0,2.0,19.1,1.0,0,0,2023,Everton-Stats
6,2022-09-03,12:30,Premier League,Matchweek 6,Sat,Home,D,0.0,0.0,Liverpool,1.7,2.1,39.0,39240.0,Jordan Pickford,4-3-3,Anthony Taylor,Match Report,,14.0,3.0,15.5,0.0,0,0,2023,Everton-Stats
7,2022-09-18,14:15,Premier League,Matchweek 8,Sun,Home,W,1.0,0.0,West Ham,0.4,1.0,53.0,39298.0,Conor Coady,4-3-3,Michael Oliver,Match Report,,7.0,2.0,21.4,0.0,0,0,2023,Everton-Stats
8,2022-10-01,15:00,Premier League,Matchweek 9,Sat,Away,W,2.0,1.0,Southampton,2.0,1.7,45.0,30510.0,Séamus Coleman,4-3-3,Andre Marriner,Match Report,,12.0,5.0,17.4,1.0,0,0,2023,Everton-Stats
9,2022-10-09,19:00,Premier League,Matchweek 10,Sun,Home,L,1.0,2.0,Manchester Utd,0.6,1.4,40.0,39258.0,Séamus Coleman,4-3-3,David Coote,Match Report,,11.0,2.0,17.4,0.0,0,0,2023,Everton-Stats
10,2022-10-15,17:30,Premier League,Matchweek 11,Sat,Away,L,0.0,2.0,Tottenham,0.4,2.2,38.0,61812.0,Séamus Coleman,5-3-2,Paul Tierney,Match Report,,4.0,0.0,13.5,0.0,0,0,2023,Everton-Stats
11,2022-10-19,19:30,Premier League,Matchweek 12,Wed,Away,L,0.0,1.0,Newcastle Utd,0.2,1.5,51.0,52247.0,Séamus Coleman,4-3-3,Tony Harrington,Match Report,,1.0,0.0,7.5,0.0,0,0,2023,Everton-Stats
12,2022-10-22,15:00,Premier League,Matchweek 13,Sat,Home,W,3.0,0.0,Crystal Palace,1.4,0.9,46.0,38939.0,Séamus Coleman,4-2-3-1,Simon Hooper,Match Report,,9.0,6.0,16.8,0.0,0,0,2023,Everton-Stats
13,2022-10-29,17:30,Premier League,Matchweek 14,Sat,Away,D,0.0,0.0,Fulham,0.9,1.9,44.0,23534.0,Séamus Coleman,4-2-3-1,John Brooks,Match Report,,9.0,4.0,12.2,0.0,0,0,2023,Everton-Stats
14,2022-11-05,17:30,Premier League,Matchweek 15,Sat,Home,L,0.0,2.0,Leicester City,1.2,2.3,49.0,39206.0,Séamus Coleman,4-3-3,David Coote,Match Report,,12.0,2.0,12.9,0.0,0,0,2023,Everton-Stats
16,2022-11-12,15:00,Premier League,Matchweek 16,Sat,Away,L,0.0,3.0,Bournemouth,0.8,2.4,64.0,10382.0,Jordan Pickford,4-3-3,Craig Pawson,Match Report,,15.0,3.0,18.0,0.0,0,0,2023,Everton-Stats
17,2022-12-26,15:00,Premier League,Matchweek 17,Mon,Home,L,1.0,2.0,Wolves,1.7,0.8,58.0,39252.0,Jordan Pickford,4-3-3,Craig Pawson,Match Report,,12.0,5.0,19.2,2.0,0,0,2023,Everton-Stats
18,2022-12-31,15:00,Premier League,Matchweek 18,Sat,Away,D,1.0,1.0,Manchester City,0.1,1.7,26.0,53444.0,Jordan Pickford,5-3-2,Andy Madley,Match Report,,2.0,1.0,25.1,0.0,0,0,2023,Everton-Stats
19,2023-01-03,19:45,Premier League,Matchweek 19,Tue,Home,L,1.0,4.0,Brighton,1.3,2.2,49.0,39103.0,Jordan Pickford,4-3-3,Andre Marriner,Match Report,,9.0,3.0,19.0,0.0,1,1,2023,Everton-Stats
21,2023-01-14,15:00,Premier League,Matchweek 20,Sat,Home,L,1.0,2.0,Southampton,1.4,1.2,52.0,39305.0,Séamus Coleman,3-4-3,John Brooks,Match Report,,12.0,4.0,16.0,0.0,0,0,2023,Everton-Stats
22,2023-01-21,15:00,Premier League,Matchweek 21,Sat,Away,L,0.0,2.0,West Ham,0.5,2.2,67.0,62470.0,Séamus Coleman,3-4-3,Stuart Attwell,Match Report,,5.0,2.0,14.7,0.0,0,0,2023,Everton-Stats
0,2022-08-06,15:00,Premier League,Matchweek 1,Sat,Away,L,1,4,Tottenham,0.5,1.5,42.0,61732.0,James Ward-Prowse,5-3-2,Andre Marriner,Match Report,,10.0,2.0,17.1,0.0,0,0,2023,Southampton-Stats
1,2022-08-13,15:00,Premier League,Matchweek 2,Sat,Home,D,2,2,Leeds United,1.2,1.8,43.0,30815.0,James Ward-Prowse,3-4-3,Tony Harrington,Match Report,,14.0,4.0,18.1,1.0,0,0,2023,Southampton-Stats
2,2022-08-20,15:00,Premier League,Matchweek 3,Sat,Away,W,2,1,Leicester City,0.9,0.3,38.0,30850.0,James Ward-Prowse,4-2-3-1,Michael Salisbury,Match Report,,9.0,3.0,15.0,0.0,0,0,2023,Southampton-Stats
4,2022-08-27,12:30,Premier League,Matchweek 4,Sat,Home,L,0,1,Manchester Utd,1.4,1.1,49.0,31196.0,James Ward-Prowse,4-2-3-1,Andy Madley,Match Report,,17.0,4.0,13.8,0.0,0,0,2023,Southampton-Stats
5,2022-08-30,19:45,Premier League,Matchweek 5,Tue,Home,W,2,1,Chelsea,1.1,1.1,33.0,31542.0,James Ward-Prowse,4-2-3-1,Michael Oliver,Match Report,,9.0,5.0,17.8,0.0,0,0,2023,Southampton-Stats
6,2022-09-03,15:00,Premier League,Matchweek 6,Sat,Away,L,0,1,Wolves,1.2,0.8,49.0,30546.0,James Ward-Prowse,4-2-3-1,John Brooks,Match Report,,12.0,1.0,16.4,1.0,0,0,2023,Southampton-Stats
7,2022-09-16,20:00,Premier League,Matchweek 8,Fri,Away,L,0,1,Aston Villa,0.3,1.5,47.0,40758.0,James Ward-Prowse,4-2-3-1,Tony Harrington,Match Report,,7.0,1.0,20.2,0.0,0,0,2023,Southampton-Stats
8,2022-10-01,15:00,Premier League,Matchweek 9,Sat,Home,L,1,2,Everton,1.7,2.0,55.0,30510.0,James Ward-Prowse,4-4-2,Andre Marriner,Match Report,,22.0,6.0,16.4,1.0,0,0,2023,Southampton-Stats
9,2022-10-08,15:00,Premier League,Matchweek 10,Sat,Away,L,0,4,Manchester City,0.2,2.4,35.0,53365.0,James Ward-Prowse,4-4-2,Andy Madley,Match Report,,5.0,0.0,28.1,0.0,0,0,2023,Southampton-Stats
10,2022-10-16,14:00,Premier League,Matchweek 11,Sun,Home,D,1,1,West Ham,0.5,1.7,39.0,29159.0,James Ward-Prowse,4-3-3,Peter Bankes,Match Report,,10.0,8.0,19.6,0.0,0,0,2023,Southampton-Stats
11,2022-10-19,19:30,Premier League,Matchweek 12,Wed,Away,W,1,0,Bournemouth,1.0,1.0,46.0,10405.0,James Ward-Prowse,4-4-2,John Brooks,Match Report,,9.0,3.0,13.0,0.0,0,0,2023,Southampton-Stats
12,2022-10-23,14:00,Premier League,Matchweek 13,Sun,Home,D,1,1,Arsenal,0.7,1.0,41.0,31145.0,James Ward-Prowse,4-4-2,Robert Jones,Match Report,,10.0,3.0,19.4,0.0,0,0,2023,Southampton-Stats
13,2022-10-29,15:00,Premier League,Matchweek 14,Sat,Away,L,0,1,Crystal Palace,1.3,0.9,56.0,25130.0,James Ward-Prowse,3-5-2,Michael Salisbury,Match Report,,14.0,4.0,18.1,0.0,0,0,2023,Southampton-Stats
14,2022-11-06,14:00,Premier League,Matchweek 15,Sun,Home,L,1,4,Newcastle Utd,1.7,0.9,55.0,30402.0,James Ward-Prowse,4-2-3-1,Stuart Attwell,Match Report,,16.0,5.0,17.6,1.0,0,0,2023,Southampton-Stats
16,2022-11-12,15:00,Premier League,Matchweek 16,Sat,Away,L,1,3,Liverpool,1.1,1.9,40.0,53331.0,James Ward-Prowse,5-3-2,Simon Hooper,Match Report,,9.0,5.0,11.9,0.0,0,0,2023,Southampton-Stats
18,2022-12-26,15:00,Premier League,Matchweek 17,Mon,Home,L,1,3,Brighton,1.9,0.6,34.0,31010.0,James Ward-Prowse,4-2-3-1,Robert Jones,Match Report,,13.0,3.0,16.1,1.0,0,1,2023,Southampton-Stats
19,2022-12-31,15:00,Premier League,Matchweek 18,Sat,Away,L,1,2,Fulham,0.8,1.5,38.0,24344.0,James Ward-Prowse,3-4-3,Graham Scott,Match Report,,9.0,3.0,24.5,1.0,0,0,2023,Southampton-Stats
20,2023-01-04,19:30,Premier League,Matchweek 19,Wed,Home,L,0,1,Nott'ham Forest,0.5,1.4,63.0,30150.0,James Ward-Prowse,3-1-4-2,Thomas Bramall,Match Report,,8.0,0.0,14.5,1.0,0,0,2023,Southampton-Stats
23,2023-01-14,15:00,Premier League,Matchweek 20,Sat,Away,W,2,1,Everton,1.2,1.4,48.0,39305.0,James Ward-Prowse,4-2-3-1,John Brooks,Match Report,,13.0,5.0,20.7,2.0,0,0,2023,Southampton-Stats
24,2023-01-21,15:00,Premier League,Matchweek 21,Sat,Home,L,0,1,Aston Villa,0.6,1.4,37.0,30158.0,James Ward-Prowse,4-2-3-1,Michael Salisbury,Match Report,,8.0,5.0,15.8,0.0,0,0,2023,Southampton-Stats
